[{"__symbolic":"module","version":3,"metadata":{},"exports":[{"from":"./dist/interfaces"},{"from":"./dist/aggrid.module"},{"from":"./dist/agGridColumn"},{"from":"./dist/agGridNg2"},{"from":"./dist/baseComponentFactory"},{"from":"./dist/ng2ComponentFactory"},{"from":"./dist/ng2FrameworkFactory"},{"from":"./dist/ng2FrameworkComponentWrapper"}]},{"__symbolic":"module","version":1,"metadata":{},"exports":[{"from":"./dist/interfaces"},{"from":"./dist/aggrid.module"},{"from":"./dist/agGridColumn"},{"from":"./dist/agGridNg2"},{"from":"./dist/baseComponentFactory"},{"from":"./dist/ng2ComponentFactory"},{"from":"./dist/ng2FrameworkFactory"},{"from":"./dist/ng2FrameworkComponentWrapper"}]}]