{
  "title":"CSS Initial Letter",
  "description":"Method of creating an enlarged cap, including a drop or raised cap, in a robust way.",
  "spec":"https://www.w3.org/TR/css-inline/#initial-letter-styling",
  "status":"wd",
  "links":[
    {
      "url":"https://bugzilla.mozilla.org/show_bug.cgi?id=1223880",
      "title":"Firefox Implementation Ticket"
    },
    {
      "url":"https://developer.mozilla.org/en-US/docs/Web/CSS/initial-letter",
      "title":"Mozilla Developer Network (MDN) documentation - CSS initial-letter"
    },
    {
      "url":"https://webdesign.tutsplus.com/tutorials/better-css-drop-caps-with-initial-letter--cms-26350",
      "title":"Blog post on Envato Tuts+, \"Better CSS Drop Caps With initial-letter\""
    },
    {
      "url":"http://labs.jensimmons.com/#initialletter",
      "title":"Demos at Jen Simmons Labs"
    }
  ],
  "bugs":[
    {
      "description":"Safari 9 doesn't properly shorten the first line of text. Applying `margin-top: 1em` to the letter fixes this problem."
    }
  ],
  "categories":[
    "CSS"
  ],
  "stats":{
    "ie":{
      "5.5":"n",
      "6":"n",
      "7":"n",
      "8":"n",
      "9":"n",
      "10":"n",
      "11":"n"
    },
    "edge":{
      "12":"n",
      "13":"n",
      "14":"n",
      "15":"n",
      "16":"n"
    },
    "firefox":{
      "2":"n",
      "3":"n",
      "3.5":"n",
      "3.6":"n",
      "4":"n",
      "5":"n",
      "6":"n",
      "7":"n",
      "8":"n",
      "9":"n",
      "10":"n",
      "11":"n",
      "12":"n",
      "13":"n",
      "14":"n",
      "15":"n",
      "16":"n",
      "17":"n",
      "18":"n",
      "19":"n",
      "20":"n",
      "21":"n",
      "22":"n",
      "23":"n",
      "24":"n",
      "25":"n",
      "26":"n",
      "27":"n",
      "28":"n",
      "29":"n",
      "30":"n",
      "31":"n",
      "32":"n",
      "33":"n",
      "34":"n",
      "35":"n",
      "36":"n",
      "37":"n",
      "38":"n",
      "39":"n",
      "40":"n",
      "41":"n",
      "42":"n",
      "43":"n",
      "44":"n",
      "45":"n",
      "46":"n",
      "47":"n",
      "48":"n",
      "49":"n",
      "50":"n",
      "51":"n",
      "52":"n",
      "53":"n",
      "54":"n",
      "55":"n",
      "56":"n",
      "57":"n"
    },
    "chrome":{
      "4":"n",
      "5":"n",
      "6":"n",
      "7":"n",
      "8":"n",
      "9":"n",
      "10":"n",
      "11":"n",
      "12":"n",
      "13":"n",
      "14":"n",
      "15":"n",
      "16":"n",
      "17":"n",
      "18":"n",
      "19":"n",
      "20":"n",
      "21":"n",
      "22":"n",
      "23":"n",
      "24":"n",
      "25":"n",
      "26":"n",
      "27":"n",
      "28":"n",
      "29":"n",
      "30":"n",
      "31":"n",
      "32":"n",
      "33":"n",
      "34":"n",
      "35":"n",
      "36":"n",
      "37":"n",
      "38":"n",
      "39":"n",
      "40":"n",
      "41":"n",
      "42":"n",
      "43":"n",
      "44":"n",
      "45":"n",
      "46":"n",
      "47":"n",
      "48":"n",
      "49":"n",
      "50":"n",
      "51":"n",
      "52":"n",
      "53":"n",
      "54":"n",
      "55":"n",
      "56":"n",
      "57":"n",
      "58":"n",
      "59":"n",
      "60":"n",
      "61":"n",
      "62":"n"
    },
    "safari":{
      "3.1":"n",
      "3.2":"n",
      "4":"n",
      "5":"n",
      "5.1":"n",
      "6":"n",
      "6.1":"n",
      "7":"n",
      "7.1":"n",
      "8":"n",
      "9":"a",
      "9.1":"a x #1",
      "10":"a x #1",
      "10.1":"a x #1",
      "11":"a x #1",
      "TP":"a x #1"
    },
    "opera":{
      "9":"n",
      "9.5-9.6":"n",
      "10.0-10.1":"n",
      "10.5":"n",
      "10.6":"n",
      "11":"n",
      "11.1":"n",
      "11.5":"n",
      "11.6":"n",
      "12":"n",
      "12.1":"n",
      "15":"n",
      "16":"n",
      "17":"n",
      "18":"n",
      "19":"n",
      "20":"n",
      "21":"n",
      "22":"n",
      "23":"n",
      "24":"n",
      "25":"n",
      "26":"n",
      "27":"n",
      "28":"n",
      "29":"n",
      "30":"n",
      "31":"n",
      "32":"n",
      "33":"n",
      "34":"n",
      "35":"n",
      "36":"n",
      "37":"n",
      "38":"n",
      "39":"n",
      "40":"n",
      "41":"n",
      "42":"n",
      "43":"n",
      "44":"n",
      "45":"n",
      "46":"n",
      "47":"n",
      "48":"n"
    },
    "ios_saf":{
      "3.2":"n",
      "4.0-4.1":"n",
      "4.2-4.3":"n",
      "5.0-5.1":"n",
      "6.0-6.1":"n",
      "7.0-7.1":"n",
      "8":"n",
      "8.1-8.4":"n",
      "9.0-9.2":"a x #1",
      "9.3":"a x #1",
      "10.0-10.2":"a x #1",
      "10.3":"a x #1",
      "11":"a x #1"
    },
    "op_mini":{
      "all":"n"
    },
    "android":{
      "2.1":"n",
      "2.2":"n",
      "2.3":"n",
      "3":"n",
      "4":"n",
      "4.1":"n",
      "4.2-4.3":"n",
      "4.4":"n",
      "4.4.3-4.4.4":"n",
      "56":"n"
    },
    "bb":{
      "7":"n",
      "10":"n"
    },
    "op_mob":{
      "10":"n",
      "11":"n",
      "11.1":"n",
      "11.5":"n",
      "12":"n",
      "12.1":"n",
      "37":"n"
    },
    "and_chr":{
      "59":"n"
    },
    "and_ff":{
      "54":"n"
    },
    "ie_mob":{
      "10":"n",
      "11":"n"
    },
    "and_uc":{
      "11.4":"n"
    },
    "samsung":{
      "4":"n",
      "5":"n"
    },
    "and_qq":{
      "1.2":"n"
    },
    "baidu":{
      "7.12":"n"
    }
  },
  "notes":"Firefox status: [in-development](https://bugzilla.mozilla.org/show_bug.cgi?id=1223880)",
  "notes_by_num":{
    "1":"Safari implementation is incomplete. Does not allow applying web fonts to the initial letter."
  },
  "usage_perc_y":0,
  "usage_perc_a":12.1,
  "ucprefix":false,
  "parent":"",
  "keywords":"initial-letter,initial letter,letter,drop cap,dropcap",
  "ie_id":"initialletter",
  "chrome_id":"",
  "firefox_id":"css-initial-letter",
  "webkit_id":"feature-initial-letter",
  "shown":true
}
