{"summaries":[{"symbol":{"__symbol":0,"members":[]},"metadata":{"__symbolic":"class","members":{"columns":[{"__symbolic":"property","decorators":[{"__symbolic":"call","expression":{"__symbol":1,"members":[]},"arguments":[{"__symbol":2,"members":[]}]}]}],"__ctor__":[{"__symbolic":"constructor","parameters":[{"__symbol":3,"members":[]},{"__symbol":4,"members":[]},{"__symbol":5,"members":[]},{"__symbol":6,"members":[]},{"__symbol":7,"members":[]}]}],"createComponentEvents":[{"__symbolic":"method"}],"ngAfterViewInit":[{"__symbolic":"method"}],"ngOnChanges":[{"__symbolic":"method"}],"ngOnDestroy":[{"__symbolic":"method"}],"globalEventListener":[{"__symbolic":"method"}],"gridOptions":[{"__symbolic":"property","decorators":[{"__symbolic":"call","expression":{"__symbol":8,"members":[]}}]}],"slaveGrids":[{"__symbolic":"property","decorators":[{"__symbolic":"call","expression":{"__symbol":8,"members":[]}}]}],"rowData":[{"__symbolic":"property","decorators":[{"__symbolic":"call","expression":{"__symbol":8,"members":[]}}]}],"floatingTopRowData":[{"__symbolic":"property","decorators":[{"__symbolic":"call","expression":{"__symbol":8,"members":[]}}]}],"floatingBottomRowData":[{"__symbolic":"property","decorators":[{"__symbolic":"call","expression":{"__symbol":8,"members":[]}}]}],"columnDefs":[{"__symbolic":"property","decorators":[{"__symbolic":"call","expression":{"__symbol":8,"members":[]}}]}],"defaultColDef":[{"__symbolic":"property","decorators":[{"__symbolic":"call","expression":{"__symbol":8,"members":[]}}]}],"rowStyle":[{"__symbolic":"property","decorators":[{"__symbolic":"call","expression":{"__symbol":8,"members":[]}}]}],"context":[{"__symbolic":"property","decorators":[{"__symbolic":"call","expression":{"__symbol":8,"members":[]}}]}],"groupColumnDef":[{"__symbolic":"property","decorators":[{"__symbolic":"call","expression":{"__symbol":8,"members":[]}}]}],"localeText":[{"__symbolic":"property","decorators":[{"__symbolic":"call","expression":{"__symbol":8,"members":[]}}]}],"icons":[{"__symbolic":"property","decorators":[{"__symbolic":"call","expression":{"__symbol":8,"members":[]}}]}],"datasource":[{"__symbolic":"property","decorators":[{"__symbolic":"call","expression":{"__symbol":8,"members":[]}}]}],"enterpriseDatasource":[{"__symbolic":"property","decorators":[{"__symbolic":"call","expression":{"__symbol":8,"members":[]}}]}],"viewportDatasource":[{"__symbolic":"property","decorators":[{"__symbolic":"call","expression":{"__symbol":8,"members":[]}}]}],"groupRowRendererParams":[{"__symbolic":"property","decorators":[{"__symbolic":"call","expression":{"__symbol":8,"members":[]}}]}],"aggFuncs":[{"__symbolic":"property","decorators":[{"__symbolic":"call","expression":{"__symbol":8,"members":[]}}]}],"fullWidthCellRendererParams":[{"__symbolic":"property","decorators":[{"__symbolic":"call","expression":{"__symbol":8,"members":[]}}]}],"sortingOrder":[{"__symbolic":"property","decorators":[{"__symbolic":"call","expression":{"__symbol":8,"members":[]}}]}],"rowClass":[{"__symbolic":"property","decorators":[{"__symbolic":"call","expression":{"__symbol":8,"members":[]}}]}],"rowSelection":[{"__symbolic":"property","decorators":[{"__symbolic":"call","expression":{"__symbol":8,"members":[]}}]}],"overlayLoadingTemplate":[{"__symbolic":"property","decorators":[{"__symbolic":"call","expression":{"__symbol":8,"members":[]}}]}],"overlayNoRowsTemplate":[{"__symbolic":"property","decorators":[{"__symbolic":"call","expression":{"__symbol":8,"members":[]}}]}],"headerCellTemplate":[{"__symbolic":"property","decorators":[{"__symbolic":"call","expression":{"__symbol":8,"members":[]}}]}],"quickFilterText":[{"__symbolic":"property","decorators":[{"__symbolic":"call","expression":{"__symbol":8,"members":[]}}]}],"rowModelType":[{"__symbolic":"property","decorators":[{"__symbolic":"call","expression":{"__symbol":8,"members":[]}}]}],"rowHeight":[{"__symbolic":"property","decorators":[{"__symbolic":"call","expression":{"__symbol":8,"members":[]}}]}],"rowBuffer":[{"__symbolic":"property","decorators":[{"__symbolic":"call","expression":{"__symbol":8,"members":[]}}]}],"colWidth":[{"__symbolic":"property","decorators":[{"__symbolic":"call","expression":{"__symbol":8,"members":[]}}]}],"headerHeight":[{"__symbolic":"property","decorators":[{"__symbolic":"call","expression":{"__symbol":8,"members":[]}}]}],"groupDefaultExpanded":[{"__symbolic":"property","decorators":[{"__symbolic":"call","expression":{"__symbol":8,"members":[]}}]}],"minColWidth":[{"__symbolic":"property","decorators":[{"__symbolic":"call","expression":{"__symbol":8,"members":[]}}]}],"maxColWidth":[{"__symbolic":"property","decorators":[{"__symbolic":"call","expression":{"__symbol":8,"members":[]}}]}],"viewportRowModelPageSize":[{"__symbolic":"property","decorators":[{"__symbolic":"call","expression":{"__symbol":8,"members":[]}}]}],"viewportRowModelBufferSize":[{"__symbolic":"property","decorators":[{"__symbolic":"call","expression":{"__symbol":8,"members":[]}}]}],"layoutInterval":[{"__symbolic":"property","decorators":[{"__symbolic":"call","expression":{"__symbol":8,"members":[]}}]}],"autoSizePadding":[{"__symbolic":"property","decorators":[{"__symbolic":"call","expression":{"__symbol":8,"members":[]}}]}],"maxPagesInCache":[{"__symbolic":"property","decorators":[{"__symbolic":"call","expression":{"__symbol":8,"members":[]}}]}],"maxConcurrentDatasourceRequests":[{"__symbolic":"property","decorators":[{"__symbolic":"call","expression":{"__symbol":8,"members":[]}}]}],"paginationOverflowSize":[{"__symbolic":"property","decorators":[{"__symbolic":"call","expression":{"__symbol":8,"members":[]}}]}],"paginationPageSize":[{"__symbolic":"property","decorators":[{"__symbolic":"call","expression":{"__symbol":8,"members":[]}}]}],"paginationInitialRowCount":[{"__symbolic":"property","decorators":[{"__symbolic":"call","expression":{"__symbol":8,"members":[]}}]}],"headerCellRenderer":[{"__symbolic":"property","decorators":[{"__symbolic":"call","expression":{"__symbol":8,"members":[]}}]}],"localeTextFunc":[{"__symbolic":"property","decorators":[{"__symbolic":"call","expression":{"__symbol":8,"members":[]}}]}],"groupRowInnerRenderer":[{"__symbolic":"property","decorators":[{"__symbolic":"call","expression":{"__symbol":8,"members":[]}}]}],"groupRowRenderer":[{"__symbolic":"property","decorators":[{"__symbolic":"call","expression":{"__symbol":8,"members":[]}}]}],"isScrollLag":[{"__symbolic":"property","decorators":[{"__symbolic":"call","expression":{"__symbol":8,"members":[]}}]}],"isExternalFilterPresent":[{"__symbolic":"property","decorators":[{"__symbolic":"call","expression":{"__symbol":8,"members":[]}}]}],"getRowHeight":[{"__symbolic":"property","decorators":[{"__symbolic":"call","expression":{"__symbol":8,"members":[]}}]}],"doesExternalFilterPass":[{"__symbolic":"property","decorators":[{"__symbolic":"call","expression":{"__symbol":8,"members":[]}}]}],"getRowClass":[{"__symbolic":"property","decorators":[{"__symbolic":"call","expression":{"__symbol":8,"members":[]}}]}],"getRowStyle":[{"__symbolic":"property","decorators":[{"__symbolic":"call","expression":{"__symbol":8,"members":[]}}]}],"getHeaderCellTemplate":[{"__symbolic":"property","decorators":[{"__symbolic":"call","expression":{"__symbol":8,"members":[]}}]}],"traverseNode":[{"__symbolic":"property","decorators":[{"__symbolic":"call","expression":{"__symbol":8,"members":[]}}]}],"getContextMenuItems":[{"__symbolic":"property","decorators":[{"__symbolic":"call","expression":{"__symbol":8,"members":[]}}]}],"getMainMenuItems":[{"__symbolic":"property","decorators":[{"__symbolic":"call","expression":{"__symbol":8,"members":[]}}]}],"processRowPostCreate":[{"__symbolic":"property","decorators":[{"__symbolic":"call","expression":{"__symbol":8,"members":[]}}]}],"processCellForClipboard":[{"__symbolic":"property","decorators":[{"__symbolic":"call","expression":{"__symbol":8,"members":[]}}]}],"getNodeChildDetails":[{"__symbolic":"property","decorators":[{"__symbolic":"call","expression":{"__symbol":8,"members":[]}}]}],"groupRowAggNodes":[{"__symbolic":"property","decorators":[{"__symbolic":"call","expression":{"__symbol":8,"members":[]}}]}],"getRowNodeId":[{"__symbolic":"property","decorators":[{"__symbolic":"call","expression":{"__symbol":8,"members":[]}}]}],"isFullWidthCell":[{"__symbolic":"property","decorators":[{"__symbolic":"call","expression":{"__symbol":8,"members":[]}}]}],"fullWidthCellRenderer":[{"__symbolic":"property","decorators":[{"__symbolic":"call","expression":{"__symbol":8,"members":[]}}]}],"doesDataFlower":[{"__symbolic":"property","decorators":[{"__symbolic":"call","expression":{"__symbol":8,"members":[]}}]}],"toolPanelSuppressRowGroups":[{"__symbolic":"property","decorators":[{"__symbolic":"call","expression":{"__symbol":8,"members":[]}}]}],"toolPanelSuppressValues":[{"__symbolic":"property","decorators":[{"__symbolic":"call","expression":{"__symbol":8,"members":[]}}]}],"toolPanelSuppressPivots":[{"__symbolic":"property","decorators":[{"__symbolic":"call","expression":{"__symbol":8,"members":[]}}]}],"toolPanelSuppressPivotMode":[{"__symbolic":"property","decorators":[{"__symbolic":"call","expression":{"__symbol":8,"members":[]}}]}],"suppressRowClickSelection":[{"__symbolic":"property","decorators":[{"__symbolic":"call","expression":{"__symbol":8,"members":[]}}]}],"suppressCellSelection":[{"__symbolic":"property","decorators":[{"__symbolic":"call","expression":{"__symbol":8,"members":[]}}]}],"suppressHorizontalScroll":[{"__symbolic":"property","decorators":[{"__symbolic":"call","expression":{"__symbol":8,"members":[]}}]}],"suppressScrollOnNewData":[{"__symbolic":"property","decorators":[{"__symbolic":"call","expression":{"__symbol":8,"members":[]}}]}],"debug":[{"__symbolic":"property","decorators":[{"__symbolic":"call","expression":{"__symbol":8,"members":[]}}]}],"enableColResize":[{"__symbolic":"property","decorators":[{"__symbolic":"call","expression":{"__symbol":8,"members":[]}}]}],"enableCellExpressions":[{"__symbolic":"property","decorators":[{"__symbolic":"call","expression":{"__symbol":8,"members":[]}}]}],"enableSorting":[{"__symbolic":"property","decorators":[{"__symbolic":"call","expression":{"__symbol":8,"members":[]}}]}],"enableServerSideSorting":[{"__symbolic":"property","decorators":[{"__symbolic":"call","expression":{"__symbol":8,"members":[]}}]}],"enableFilter":[{"__symbolic":"property","decorators":[{"__symbolic":"call","expression":{"__symbol":8,"members":[]}}]}],"enableServerSideFilter":[{"__symbolic":"property","decorators":[{"__symbolic":"call","expression":{"__symbol":8,"members":[]}}]}],"angularCompileRows":[{"__symbolic":"property","decorators":[{"__symbolic":"call","expression":{"__symbol":8,"members":[]}}]}],"angularCompileFilters":[{"__symbolic":"property","decorators":[{"__symbolic":"call","expression":{"__symbol":8,"members":[]}}]}],"angularCompileHeaders":[{"__symbolic":"property","decorators":[{"__symbolic":"call","expression":{"__symbol":8,"members":[]}}]}],"groupSuppressAutoColumn":[{"__symbolic":"property","decorators":[{"__symbolic":"call","expression":{"__symbol":8,"members":[]}}]}],"groupSelectsChildren":[{"__symbolic":"property","decorators":[{"__symbolic":"call","expression":{"__symbol":8,"members":[]}}]}],"groupIncludeFooter":[{"__symbolic":"property","decorators":[{"__symbolic":"call","expression":{"__symbol":8,"members":[]}}]}],"groupUseEntireRow":[{"__symbolic":"property","decorators":[{"__symbolic":"call","expression":{"__symbol":8,"members":[]}}]}],"groupSuppressRow":[{"__symbolic":"property","decorators":[{"__symbolic":"call","expression":{"__symbol":8,"members":[]}}]}],"groupSuppressBlankHeader":[{"__symbolic":"property","decorators":[{"__symbolic":"call","expression":{"__symbol":8,"members":[]}}]}],"forPrint":[{"__symbolic":"property","decorators":[{"__symbolic":"call","expression":{"__symbol":8,"members":[]}}]}],"suppressMenuHide":[{"__symbolic":"property","decorators":[{"__symbolic":"call","expression":{"__symbol":8,"members":[]}}]}],"rowDeselection":[{"__symbolic":"property","decorators":[{"__symbolic":"call","expression":{"__symbol":8,"members":[]}}]}],"unSortIcon":[{"__symbolic":"property","decorators":[{"__symbolic":"call","expression":{"__symbol":8,"members":[]}}]}],"suppressMultiSort":[{"__symbolic":"property","decorators":[{"__symbolic":"call","expression":{"__symbol":8,"members":[]}}]}],"suppressScrollLag":[{"__symbolic":"property","decorators":[{"__symbolic":"call","expression":{"__symbol":8,"members":[]}}]}],"singleClickEdit":[{"__symbolic":"property","decorators":[{"__symbolic":"call","expression":{"__symbol":8,"members":[]}}]}],"suppressLoadingOverlay":[{"__symbolic":"property","decorators":[{"__symbolic":"call","expression":{"__symbol":8,"members":[]}}]}],"suppressNoRowsOverlay":[{"__symbolic":"property","decorators":[{"__symbolic":"call","expression":{"__symbol":8,"members":[]}}]}],"suppressAutoSize":[{"__symbolic":"property","decorators":[{"__symbolic":"call","expression":{"__symbol":8,"members":[]}}]}],"suppressParentsInRowNodes":[{"__symbolic":"property","decorators":[{"__symbolic":"call","expression":{"__symbol":8,"members":[]}}]}],"showToolPanel":[{"__symbolic":"property","decorators":[{"__symbolic":"call","expression":{"__symbol":8,"members":[]}}]}],"suppressColumnMoveAnimation":[{"__symbolic":"property","decorators":[{"__symbolic":"call","expression":{"__symbol":8,"members":[]}}]}],"suppressMovableColumns":[{"__symbolic":"property","decorators":[{"__symbolic":"call","expression":{"__symbol":8,"members":[]}}]}],"suppressFieldDotNotation":[{"__symbolic":"property","decorators":[{"__symbolic":"call","expression":{"__symbol":8,"members":[]}}]}],"enableRangeSelection":[{"__symbolic":"property","decorators":[{"__symbolic":"call","expression":{"__symbol":8,"members":[]}}]}],"suppressEnterprise":[{"__symbolic":"property","decorators":[{"__symbolic":"call","expression":{"__symbol":8,"members":[]}}]}],"rowGroupPanelShow":[{"__symbolic":"property","decorators":[{"__symbolic":"call","expression":{"__symbol":8,"members":[]}}]}],"pivotPanelShow":[{"__symbolic":"property","decorators":[{"__symbolic":"call","expression":{"__symbol":8,"members":[]}}]}],"suppressContextMenu":[{"__symbolic":"property","decorators":[{"__symbolic":"call","expression":{"__symbol":8,"members":[]}}]}],"suppressMenuFilterPanel":[{"__symbolic":"property","decorators":[{"__symbolic":"call","expression":{"__symbol":8,"members":[]}}]}],"suppressMenuMainPanel":[{"__symbolic":"property","decorators":[{"__symbolic":"call","expression":{"__symbol":8,"members":[]}}]}],"suppressMenuColumnPanel":[{"__symbolic":"property","decorators":[{"__symbolic":"call","expression":{"__symbol":8,"members":[]}}]}],"enableStatusBar":[{"__symbolic":"property","decorators":[{"__symbolic":"call","expression":{"__symbol":8,"members":[]}}]}],"rememberGroupStateWhenNewData":[{"__symbolic":"property","decorators":[{"__symbolic":"call","expression":{"__symbol":8,"members":[]}}]}],"enableCellChangeFlash":[{"__symbolic":"property","decorators":[{"__symbolic":"call","expression":{"__symbol":8,"members":[]}}]}],"suppressDragLeaveHidesColumns":[{"__symbolic":"property","decorators":[{"__symbolic":"call","expression":{"__symbol":8,"members":[]}}]}],"suppressMiddleClickScrolls":[{"__symbolic":"property","decorators":[{"__symbolic":"call","expression":{"__symbol":8,"members":[]}}]}],"suppressPreventDefaultOnMouseWheel":[{"__symbolic":"property","decorators":[{"__symbolic":"call","expression":{"__symbol":8,"members":[]}}]}],"suppressUseColIdForGroups":[{"__symbolic":"property","decorators":[{"__symbolic":"call","expression":{"__symbol":8,"members":[]}}]}],"suppressCopyRowsToClipboard":[{"__symbolic":"property","decorators":[{"__symbolic":"call","expression":{"__symbol":8,"members":[]}}]}],"pivotMode":[{"__symbolic":"property","decorators":[{"__symbolic":"call","expression":{"__symbol":8,"members":[]}}]}],"suppressAggFuncInHeader":[{"__symbolic":"property","decorators":[{"__symbolic":"call","expression":{"__symbol":8,"members":[]}}]}],"suppressColumnVirtualisation":[{"__symbolic":"property","decorators":[{"__symbolic":"call","expression":{"__symbol":8,"members":[]}}]}],"suppressFocusAfterRefresh":[{"__symbolic":"property","decorators":[{"__symbolic":"call","expression":{"__symbol":8,"members":[]}}]}],"functionsPassive":[{"__symbolic":"property","decorators":[{"__symbolic":"call","expression":{"__symbol":8,"members":[]}}]}],"functionsReadOnly":[{"__symbolic":"property","decorators":[{"__symbolic":"call","expression":{"__symbol":8,"members":[]}}]}],"defaultColGroupDef":[{"__symbolic":"property","decorators":[{"__symbolic":"call","expression":{"__symbol":8,"members":[]}}]}],"editType":[{"__symbolic":"property","decorators":[{"__symbolic":"call","expression":{"__symbol":8,"members":[]}}]}],"scrollbarWidth":[{"__symbolic":"property","decorators":[{"__symbolic":"call","expression":{"__symbol":8,"members":[]}}]}],"groupRowInnerRendererFramework":[{"__symbolic":"property","decorators":[{"__symbolic":"call","expression":{"__symbol":8,"members":[]}}]}],"groupRowRendererFramework":[{"__symbolic":"property","decorators":[{"__symbolic":"call","expression":{"__symbol":8,"members":[]}}]}],"fullWidthCellRendererFramework":[{"__symbolic":"property","decorators":[{"__symbolic":"call","expression":{"__symbol":8,"members":[]}}]}],"processSecondaryColDef":[{"__symbolic":"property","decorators":[{"__symbolic":"call","expression":{"__symbol":8,"members":[]}}]}],"processSecondaryColGroupDef":[{"__symbolic":"property","decorators":[{"__symbolic":"call","expression":{"__symbol":8,"members":[]}}]}],"suppressRowHoverClass":[{"__symbolic":"property","decorators":[{"__symbolic":"call","expression":{"__symbol":8,"members":[]}}]}],"suppressTouch":[{"__symbolic":"property","decorators":[{"__symbolic":"call","expression":{"__symbol":8,"members":[]}}]}],"animateRows":[{"__symbolic":"property","decorators":[{"__symbolic":"call","expression":{"__symbol":8,"members":[]}}]}],"groupSelectsFiltered":[{"__symbolic":"property","decorators":[{"__symbolic":"call","expression":{"__symbol":8,"members":[]}}]}],"groupRemoveSingleChildren":[{"__symbolic":"property","decorators":[{"__symbolic":"call","expression":{"__symbol":8,"members":[]}}]}],"getBusinessKeyForNode":[{"__symbolic":"property","decorators":[{"__symbolic":"call","expression":{"__symbol":8,"members":[]}}]}],"checkboxSelection":[{"__symbolic":"property","decorators":[{"__symbolic":"call","expression":{"__symbol":8,"members":[]}}]}],"enableRtl":[{"__symbolic":"property","decorators":[{"__symbolic":"call","expression":{"__symbol":8,"members":[]}}]}],"suppressClickEdit":[{"__symbolic":"property","decorators":[{"__symbolic":"call","expression":{"__symbol":8,"members":[]}}]}],"enableRtlSupport":[{"__symbolic":"property","decorators":[{"__symbolic":"call","expression":{"__symbol":8,"members":[]}}]}],"excelStyles":[{"__symbolic":"property","decorators":[{"__symbolic":"call","expression":{"__symbol":8,"members":[]}}]}],"dateComponent":[{"__symbolic":"property","decorators":[{"__symbolic":"call","expression":{"__symbol":8,"members":[]}}]}],"dateComponentFramework":[{"__symbolic":"property","decorators":[{"__symbolic":"call","expression":{"__symbol":8,"members":[]}}]}],"dateComponentParams":[{"__symbolic":"property","decorators":[{"__symbolic":"call","expression":{"__symbol":8,"members":[]}}]}],"sendToClipboard":[{"__symbolic":"property","decorators":[{"__symbolic":"call","expression":{"__symbol":8,"members":[]}}]}],"navigateToNextCell":[{"__symbolic":"property","decorators":[{"__symbolic":"call","expression":{"__symbol":8,"members":[]}}]}],"tabToNextCell":[{"__symbolic":"property","decorators":[{"__symbolic":"call","expression":{"__symbol":8,"members":[]}}]}],"processCellFromClipboard":[{"__symbolic":"property","decorators":[{"__symbolic":"call","expression":{"__symbol":8,"members":[]}}]}],"getDocument":[{"__symbolic":"property","decorators":[{"__symbolic":"call","expression":{"__symbol":8,"members":[]}}]}],"enableGroupEdit":[{"__symbolic":"property","decorators":[{"__symbolic":"call","expression":{"__symbol":8,"members":[]}}]}],"embedFullWidthRows":[{"__symbolic":"property","decorators":[{"__symbolic":"call","expression":{"__symbol":8,"members":[]}}]}],"suppressTabbing":[{"__symbolic":"property","decorators":[{"__symbolic":"call","expression":{"__symbol":8,"members":[]}}]}],"suppressPaginationPanel":[{"__symbolic":"property","decorators":[{"__symbolic":"call","expression":{"__symbol":8,"members":[]}}]}],"paginationStartPage":[{"__symbolic":"property","decorators":[{"__symbolic":"call","expression":{"__symbol":8,"members":[]}}]}],"floatingFilter":[{"__symbolic":"property","decorators":[{"__symbolic":"call","expression":{"__symbol":8,"members":[]}}]}],"groupHideOpenParents":[{"__symbolic":"property","decorators":[{"__symbolic":"call","expression":{"__symbol":8,"members":[]}}]}],"defaultExportParams":[{"__symbolic":"property","decorators":[{"__symbolic":"call","expression":{"__symbol":8,"members":[]}}]}],"infiniteBlockSize":[{"__symbolic":"property","decorators":[{"__symbolic":"call","expression":{"__symbol":8,"members":[]}}]}],"infiniteInitialRowCount":[{"__symbolic":"property","decorators":[{"__symbolic":"call","expression":{"__symbol":8,"members":[]}}]}],"allowContextMenuWithControlKey":[{"__symbolic":"property","decorators":[{"__symbolic":"call","expression":{"__symbol":8,"members":[]}}]}],"groupMultiAutoColumn":[{"__symbolic":"property","decorators":[{"__symbolic":"call","expression":{"__symbol":8,"members":[]}}]}],"pagination":[{"__symbolic":"property","decorators":[{"__symbolic":"call","expression":{"__symbol":8,"members":[]}}]}],"stopEditingWhenGridLosesFocus":[{"__symbolic":"property","decorators":[{"__symbolic":"call","expression":{"__symbol":8,"members":[]}}]}],"paginationAutoPageSize":[{"__symbolic":"property","decorators":[{"__symbolic":"call","expression":{"__symbol":8,"members":[]}}]}],"groupHeaderHeight":[{"__symbolic":"property","decorators":[{"__symbolic":"call","expression":{"__symbol":8,"members":[]}}]}],"floatingFiltersHeight":[{"__symbolic":"property","decorators":[{"__symbolic":"call","expression":{"__symbol":8,"members":[]}}]}],"pivotHeaderHeight":[{"__symbolic":"property","decorators":[{"__symbolic":"call","expression":{"__symbol":8,"members":[]}}]}],"pivotGroupHeaderHeight":[{"__symbolic":"property","decorators":[{"__symbolic":"call","expression":{"__symbol":8,"members":[]}}]}],"maxBlocksInCache":[{"__symbolic":"property","decorators":[{"__symbolic":"call","expression":{"__symbol":8,"members":[]}}]}],"cacheOverflowSize":[{"__symbolic":"property","decorators":[{"__symbolic":"call","expression":{"__symbol":8,"members":[]}}]}],"suppressAggAtRootLevel":[{"__symbolic":"property","decorators":[{"__symbolic":"call","expression":{"__symbol":8,"members":[]}}]}],"purgeClosedRowNodes":[{"__symbolic":"property","decorators":[{"__symbolic":"call","expression":{"__symbol":8,"members":[]}}]}],"postProcessPopup":[{"__symbolic":"property","decorators":[{"__symbolic":"call","expression":{"__symbol":8,"members":[]}}]}],"suppressAsyncEvents":[{"__symbolic":"property","decorators":[{"__symbolic":"call","expression":{"__symbol":8,"members":[]}}]}],"cacheQuickFilter":[{"__symbolic":"property","decorators":[{"__symbolic":"call","expression":{"__symbol":8,"members":[]}}]}],"domLayout":[{"__symbolic":"property","decorators":[{"__symbolic":"call","expression":{"__symbol":8,"members":[]}}]}],"deltaRowDataMode":[{"__symbolic":"property","decorators":[{"__symbolic":"call","expression":{"__symbol":8,"members":[]}}]}],"rowDataUpdated":[{"__symbolic":"property","decorators":[{"__symbolic":"call","expression":{"__symbol":8,"members":[]}}]}],"autoGroupColumnDef":[{"__symbolic":"property","decorators":[{"__symbolic":"call","expression":{"__symbol":8,"members":[]}}]}],"clipboardDeliminator":[{"__symbolic":"property","decorators":[{"__symbolic":"call","expression":{"__symbol":8,"members":[]}}]}],"enforceRowDomOrder":[{"__symbolic":"property","decorators":[{"__symbolic":"call","expression":{"__symbol":8,"members":[]}}]}],"accentedSort":[{"__symbolic":"property","decorators":[{"__symbolic":"call","expression":{"__symbol":8,"members":[]}}]}],"pivotTotals":[{"__symbolic":"property","decorators":[{"__symbolic":"call","expression":{"__symbol":8,"members":[]}}]}],"alignedGrids":[{"__symbolic":"property","decorators":[{"__symbolic":"call","expression":{"__symbol":8,"members":[]}}]}],"columnTypes":[{"__symbolic":"property","decorators":[{"__symbolic":"call","expression":{"__symbol":8,"members":[]}}]}],"cacheBlockSize":[{"__symbolic":"property","decorators":[{"__symbolic":"call","expression":{"__symbol":8,"members":[]}}]}],"suppressChangeDetection":[{"__symbolic":"property","decorators":[{"__symbolic":"call","expression":{"__symbol":8,"members":[]}}]}],"valueCache":[{"__symbolic":"property","decorators":[{"__symbolic":"call","expression":{"__symbol":8,"members":[]}}]}],"valueCacheNeverExpires":[{"__symbolic":"property","decorators":[{"__symbolic":"call","expression":{"__symbol":8,"members":[]}}]}],"aggregateOnlyChangedColumns":[{"__symbolic":"property","decorators":[{"__symbolic":"call","expression":{"__symbol":8,"members":[]}}]}],"pinnedTopRowData":[{"__symbolic":"property","decorators":[{"__symbolic":"call","expression":{"__symbol":8,"members":[]}}]}],"pinnedBottomRowData":[{"__symbolic":"property","decorators":[{"__symbolic":"call","expression":{"__symbol":8,"members":[]}}]}],"pinnedRowDataChanged":[{"__symbolic":"property","decorators":[{"__symbolic":"call","expression":{"__symbol":8,"members":[]}}]}],"alwaysShowStatusBar":[{"__symbolic":"property","decorators":[{"__symbolic":"call","expression":{"__symbol":8,"members":[]}}]}],"ensureDomOrder":[{"__symbolic":"property","decorators":[{"__symbolic":"call","expression":{"__symbol":8,"members":[]}}]}],"gridReady":[{"__symbolic":"property","decorators":[{"__symbolic":"call","expression":{"__symbol":9,"members":[]}}]}],"columnEverythingChanged":[{"__symbolic":"property","decorators":[{"__symbolic":"call","expression":{"__symbol":9,"members":[]}}]}],"newColumnsLoaded":[{"__symbolic":"property","decorators":[{"__symbolic":"call","expression":{"__symbol":9,"members":[]}}]}],"columnPivotModeChanged":[{"__symbolic":"property","decorators":[{"__symbolic":"call","expression":{"__symbol":9,"members":[]}}]}],"columnRowGroupChanged":[{"__symbolic":"property","decorators":[{"__symbolic":"call","expression":{"__symbol":9,"members":[]}}]}],"columnPivotChanged":[{"__symbolic":"property","decorators":[{"__symbolic":"call","expression":{"__symbol":9,"members":[]}}]}],"gridColumnsChanged":[{"__symbolic":"property","decorators":[{"__symbolic":"call","expression":{"__symbol":9,"members":[]}}]}],"columnValueChanged":[{"__symbolic":"property","decorators":[{"__symbolic":"call","expression":{"__symbol":9,"members":[]}}]}],"columnMoved":[{"__symbolic":"property","decorators":[{"__symbolic":"call","expression":{"__symbol":9,"members":[]}}]}],"columnVisible":[{"__symbolic":"property","decorators":[{"__symbolic":"call","expression":{"__symbol":9,"members":[]}}]}],"columnPinned":[{"__symbolic":"property","decorators":[{"__symbolic":"call","expression":{"__symbol":9,"members":[]}}]}],"columnGroupOpened":[{"__symbolic":"property","decorators":[{"__symbolic":"call","expression":{"__symbol":9,"members":[]}}]}],"columnResized":[{"__symbolic":"property","decorators":[{"__symbolic":"call","expression":{"__symbol":9,"members":[]}}]}],"displayedColumnsChanged":[{"__symbolic":"property","decorators":[{"__symbolic":"call","expression":{"__symbol":9,"members":[]}}]}],"virtualColumnsChanged":[{"__symbolic":"property","decorators":[{"__symbolic":"call","expression":{"__symbol":9,"members":[]}}]}],"rowGroupOpened":[{"__symbolic":"property","decorators":[{"__symbolic":"call","expression":{"__symbol":9,"members":[]}}]}],"rowDataChanged":[{"__symbolic":"property","decorators":[{"__symbolic":"call","expression":{"__symbol":9,"members":[]}}]}],"floatingRowDataChanged":[{"__symbolic":"property","decorators":[{"__symbolic":"call","expression":{"__symbol":9,"members":[]}}]}],"rangeSelectionChanged":[{"__symbolic":"property","decorators":[{"__symbolic":"call","expression":{"__symbol":9,"members":[]}}]}],"columnRowGroupAddRequest":[{"__symbolic":"property","decorators":[{"__symbolic":"call","expression":{"__symbol":9,"members":[]}}]}],"columnRowGroupRemoveRequest":[{"__symbolic":"property","decorators":[{"__symbolic":"call","expression":{"__symbol":9,"members":[]}}]}],"columnPivotAddRequest":[{"__symbolic":"property","decorators":[{"__symbolic":"call","expression":{"__symbol":9,"members":[]}}]}],"columnPivotRemoveRequest":[{"__symbolic":"property","decorators":[{"__symbolic":"call","expression":{"__symbol":9,"members":[]}}]}],"columnValueAddRequest":[{"__symbolic":"property","decorators":[{"__symbolic":"call","expression":{"__symbol":9,"members":[]}}]}],"columnValueRemoveRequest":[{"__symbolic":"property","decorators":[{"__symbolic":"call","expression":{"__symbol":9,"members":[]}}]}],"columnAggFuncChangeRequest":[{"__symbolic":"property","decorators":[{"__symbolic":"call","expression":{"__symbol":9,"members":[]}}]}],"clipboardPaste":[{"__symbolic":"property","decorators":[{"__symbolic":"call","expression":{"__symbol":9,"members":[]}}]}],"modelUpdated":[{"__symbolic":"property","decorators":[{"__symbolic":"call","expression":{"__symbol":9,"members":[]}}]}],"cellClicked":[{"__symbolic":"property","decorators":[{"__symbolic":"call","expression":{"__symbol":9,"members":[]}}]}],"cellDoubleClicked":[{"__symbolic":"property","decorators":[{"__symbolic":"call","expression":{"__symbol":9,"members":[]}}]}],"cellContextMenu":[{"__symbolic":"property","decorators":[{"__symbolic":"call","expression":{"__symbol":9,"members":[]}}]}],"cellValueChanged":[{"__symbolic":"property","decorators":[{"__symbolic":"call","expression":{"__symbol":9,"members":[]}}]}],"cellFocused":[{"__symbolic":"property","decorators":[{"__symbolic":"call","expression":{"__symbol":9,"members":[]}}]}],"rowSelected":[{"__symbolic":"property","decorators":[{"__symbolic":"call","expression":{"__symbol":9,"members":[]}}]}],"selectionChanged":[{"__symbolic":"property","decorators":[{"__symbolic":"call","expression":{"__symbol":9,"members":[]}}]}],"filterChanged":[{"__symbolic":"property","decorators":[{"__symbolic":"call","expression":{"__symbol":9,"members":[]}}]}],"filterModified":[{"__symbolic":"property","decorators":[{"__symbolic":"call","expression":{"__symbol":9,"members":[]}}]}],"sortChanged":[{"__symbolic":"property","decorators":[{"__symbolic":"call","expression":{"__symbol":9,"members":[]}}]}],"virtualRowRemoved":[{"__symbolic":"property","decorators":[{"__symbolic":"call","expression":{"__symbol":9,"members":[]}}]}],"rowClicked":[{"__symbolic":"property","decorators":[{"__symbolic":"call","expression":{"__symbol":9,"members":[]}}]}],"rowDoubleClicked":[{"__symbolic":"property","decorators":[{"__symbolic":"call","expression":{"__symbol":9,"members":[]}}]}],"gridSizeChanged":[{"__symbolic":"property","decorators":[{"__symbolic":"call","expression":{"__symbol":9,"members":[]}}]}],"viewportChanged":[{"__symbolic":"property","decorators":[{"__symbolic":"call","expression":{"__symbol":9,"members":[]}}]}],"dragStarted":[{"__symbolic":"property","decorators":[{"__symbolic":"call","expression":{"__symbol":9,"members":[]}}]}],"dragStopped":[{"__symbolic":"property","decorators":[{"__symbolic":"call","expression":{"__symbol":9,"members":[]}}]}],"itemsAdded":[{"__symbolic":"property","decorators":[{"__symbolic":"call","expression":{"__symbol":9,"members":[]}}]}],"itemsRemoved":[{"__symbolic":"property","decorators":[{"__symbolic":"call","expression":{"__symbol":9,"members":[]}}]}],"columnRowGroupChangeRequest":[{"__symbolic":"property","decorators":[{"__symbolic":"call","expression":{"__symbol":9,"members":[]}}]}],"columnPivotChangeRequest":[{"__symbolic":"property","decorators":[{"__symbolic":"call","expression":{"__symbol":9,"members":[]}}]}],"columnValueChangeRequest":[{"__symbolic":"property","decorators":[{"__symbolic":"call","expression":{"__symbol":9,"members":[]}}]}],"rowValueChanged":[{"__symbolic":"property","decorators":[{"__symbolic":"call","expression":{"__symbol":9,"members":[]}}]}],"bodyScroll":[{"__symbolic":"property","decorators":[{"__symbolic":"call","expression":{"__symbol":9,"members":[]}}]}],"rowEditingStarted":[{"__symbolic":"property","decorators":[{"__symbolic":"call","expression":{"__symbol":9,"members":[]}}]}],"rowEditingStopped":[{"__symbolic":"property","decorators":[{"__symbolic":"call","expression":{"__symbol":9,"members":[]}}]}],"cellEditingStarted":[{"__symbolic":"property","decorators":[{"__symbolic":"call","expression":{"__symbol":9,"members":[]}}]}],"cellEditingStopped":[{"__symbolic":"property","decorators":[{"__symbolic":"call","expression":{"__symbol":9,"members":[]}}]}],"displayedColumnsWidthChanged":[{"__symbolic":"property","decorators":[{"__symbolic":"call","expression":{"__symbol":9,"members":[]}}]}],"scrollVisibilityChanged":[{"__symbolic":"property","decorators":[{"__symbolic":"call","expression":{"__symbol":9,"members":[]}}]}],"flashCells":[{"__symbolic":"property","decorators":[{"__symbolic":"call","expression":{"__symbol":9,"members":[]}}]}],"cellMouseOver":[{"__symbolic":"property","decorators":[{"__symbolic":"call","expression":{"__symbol":9,"members":[]}}]}],"cellMouseOut":[{"__symbolic":"property","decorators":[{"__symbolic":"call","expression":{"__symbol":9,"members":[]}}]}],"columnHoverChanged":[{"__symbolic":"property","decorators":[{"__symbolic":"call","expression":{"__symbol":9,"members":[]}}]}],"paginationReset":[{"__symbolic":"property","decorators":[{"__symbolic":"call","expression":{"__symbol":9,"members":[]}}]}],"paginationPageLoaded":[{"__symbolic":"property","decorators":[{"__symbolic":"call","expression":{"__symbol":9,"members":[]}}]}],"paginationPageRequested":[{"__symbolic":"property","decorators":[{"__symbolic":"call","expression":{"__symbol":9,"members":[]}}]}],"paginationChanged":[{"__symbolic":"property","decorators":[{"__symbolic":"call","expression":{"__symbol":9,"members":[]}}]}],"bodyHeightChanged":[{"__symbolic":"property","decorators":[{"__symbolic":"call","expression":{"__symbol":9,"members":[]}}]}],"componentStateChanged":[{"__symbolic":"property","decorators":[{"__symbolic":"call","expression":{"__symbol":9,"members":[]}}]}],"beforeFilterChanged":[{"__symbolic":"property","decorators":[{"__symbolic":"call","expression":{"__symbol":9,"members":[]}}]}],"afterFilterChanged":[{"__symbolic":"property","decorators":[{"__symbolic":"call","expression":{"__symbol":9,"members":[]}}]}],"beforeSortChanged":[{"__symbolic":"property","decorators":[{"__symbolic":"call","expression":{"__symbol":9,"members":[]}}]}],"afterSortChanged":[{"__symbolic":"property","decorators":[{"__symbolic":"call","expression":{"__symbol":9,"members":[]}}]}]}},"type":{"summaryKind":1,"type":{"reference":{"__symbol":0,"members":[]},"diDeps":[{"isAttribute":false,"isHost":false,"isSelf":false,"isSkipSelf":false,"isOptional":false,"token":{"identifier":{"reference":{"__symbol":3,"members":[]}}}},{"isAttribute":false,"isHost":false,"isSelf":false,"isSkipSelf":false,"isOptional":false,"token":{"identifier":{"reference":{"__symbol":4,"members":[]}}}},{"isAttribute":false,"isHost":false,"isSelf":false,"isSkipSelf":false,"isOptional":false,"token":{"identifier":{"reference":{"__symbol":5,"members":[]}}}},{"isAttribute":false,"isHost":false,"isSelf":false,"isSkipSelf":false,"isOptional":false,"token":{"identifier":{"reference":{"__symbol":6,"members":[]}}}},{"isAttribute":false,"isHost":false,"isSelf":false,"isSkipSelf":false,"isOptional":false,"token":{"identifier":{"reference":{"__symbol":7,"members":[]}}}}],"lifecycleHooks":[1,3,6]},"isComponent":true,"selector":"ag-grid-angular","exportAs":null,"inputs":{"gridOptions":"gridOptions","slaveGrids":"slaveGrids","rowData":"rowData","floatingTopRowData":"floatingTopRowData","floatingBottomRowData":"floatingBottomRowData","columnDefs":"columnDefs","defaultColDef":"defaultColDef","rowStyle":"rowStyle","context":"context","groupColumnDef":"groupColumnDef","localeText":"localeText","icons":"icons","datasource":"datasource","enterpriseDatasource":"enterpriseDatasource","viewportDatasource":"viewportDatasource","groupRowRendererParams":"groupRowRendererParams","aggFuncs":"aggFuncs","fullWidthCellRendererParams":"fullWidthCellRendererParams","sortingOrder":"sortingOrder","rowClass":"rowClass","rowSelection":"rowSelection","overlayLoadingTemplate":"overlayLoadingTemplate","overlayNoRowsTemplate":"overlayNoRowsTemplate","headerCellTemplate":"headerCellTemplate","quickFilterText":"quickFilterText","rowModelType":"rowModelType","rowHeight":"rowHeight","rowBuffer":"rowBuffer","colWidth":"colWidth","headerHeight":"headerHeight","groupDefaultExpanded":"groupDefaultExpanded","minColWidth":"minColWidth","maxColWidth":"maxColWidth","viewportRowModelPageSize":"viewportRowModelPageSize","viewportRowModelBufferSize":"viewportRowModelBufferSize","layoutInterval":"layoutInterval","autoSizePadding":"autoSizePadding","maxPagesInCache":"maxPagesInCache","maxConcurrentDatasourceRequests":"maxConcurrentDatasourceRequests","paginationOverflowSize":"paginationOverflowSize","paginationPageSize":"paginationPageSize","paginationInitialRowCount":"paginationInitialRowCount","headerCellRenderer":"headerCellRenderer","localeTextFunc":"localeTextFunc","groupRowInnerRenderer":"groupRowInnerRenderer","groupRowRenderer":"groupRowRenderer","isScrollLag":"isScrollLag","isExternalFilterPresent":"isExternalFilterPresent","getRowHeight":"getRowHeight","doesExternalFilterPass":"doesExternalFilterPass","getRowClass":"getRowClass","getRowStyle":"getRowStyle","getHeaderCellTemplate":"getHeaderCellTemplate","traverseNode":"traverseNode","getContextMenuItems":"getContextMenuItems","getMainMenuItems":"getMainMenuItems","processRowPostCreate":"processRowPostCreate","processCellForClipboard":"processCellForClipboard","getNodeChildDetails":"getNodeChildDetails","groupRowAggNodes":"groupRowAggNodes","getRowNodeId":"getRowNodeId","isFullWidthCell":"isFullWidthCell","fullWidthCellRenderer":"fullWidthCellRenderer","doesDataFlower":"doesDataFlower","toolPanelSuppressRowGroups":"toolPanelSuppressRowGroups","toolPanelSuppressValues":"toolPanelSuppressValues","toolPanelSuppressPivots":"toolPanelSuppressPivots","toolPanelSuppressPivotMode":"toolPanelSuppressPivotMode","suppressRowClickSelection":"suppressRowClickSelection","suppressCellSelection":"suppressCellSelection","suppressHorizontalScroll":"suppressHorizontalScroll","suppressScrollOnNewData":"suppressScrollOnNewData","debug":"debug","enableColResize":"enableColResize","enableCellExpressions":"enableCellExpressions","enableSorting":"enableSorting","enableServerSideSorting":"enableServerSideSorting","enableFilter":"enableFilter","enableServerSideFilter":"enableServerSideFilter","angularCompileRows":"angularCompileRows","angularCompileFilters":"angularCompileFilters","angularCompileHeaders":"angularCompileHeaders","groupSuppressAutoColumn":"groupSuppressAutoColumn","groupSelectsChildren":"groupSelectsChildren","groupIncludeFooter":"groupIncludeFooter","groupUseEntireRow":"groupUseEntireRow","groupSuppressRow":"groupSuppressRow","groupSuppressBlankHeader":"groupSuppressBlankHeader","forPrint":"forPrint","suppressMenuHide":"suppressMenuHide","rowDeselection":"rowDeselection","unSortIcon":"unSortIcon","suppressMultiSort":"suppressMultiSort","suppressScrollLag":"suppressScrollLag","singleClickEdit":"singleClickEdit","suppressLoadingOverlay":"suppressLoadingOverlay","suppressNoRowsOverlay":"suppressNoRowsOverlay","suppressAutoSize":"suppressAutoSize","suppressParentsInRowNodes":"suppressParentsInRowNodes","showToolPanel":"showToolPanel","suppressColumnMoveAnimation":"suppressColumnMoveAnimation","suppressMovableColumns":"suppressMovableColumns","suppressFieldDotNotation":"suppressFieldDotNotation","enableRangeSelection":"enableRangeSelection","suppressEnterprise":"suppressEnterprise","rowGroupPanelShow":"rowGroupPanelShow","pivotPanelShow":"pivotPanelShow","suppressContextMenu":"suppressContextMenu","suppressMenuFilterPanel":"suppressMenuFilterPanel","suppressMenuMainPanel":"suppressMenuMainPanel","suppressMenuColumnPanel":"suppressMenuColumnPanel","enableStatusBar":"enableStatusBar","rememberGroupStateWhenNewData":"rememberGroupStateWhenNewData","enableCellChangeFlash":"enableCellChangeFlash","suppressDragLeaveHidesColumns":"suppressDragLeaveHidesColumns","suppressMiddleClickScrolls":"suppressMiddleClickScrolls","suppressPreventDefaultOnMouseWheel":"suppressPreventDefaultOnMouseWheel","suppressUseColIdForGroups":"suppressUseColIdForGroups","suppressCopyRowsToClipboard":"suppressCopyRowsToClipboard","pivotMode":"pivotMode","suppressAggFuncInHeader":"suppressAggFuncInHeader","suppressColumnVirtualisation":"suppressColumnVirtualisation","suppressFocusAfterRefresh":"suppressFocusAfterRefresh","functionsPassive":"functionsPassive","functionsReadOnly":"functionsReadOnly","defaultColGroupDef":"defaultColGroupDef","editType":"editType","scrollbarWidth":"scrollbarWidth","groupRowInnerRendererFramework":"groupRowInnerRendererFramework","groupRowRendererFramework":"groupRowRendererFramework","fullWidthCellRendererFramework":"fullWidthCellRendererFramework","processSecondaryColDef":"processSecondaryColDef","processSecondaryColGroupDef":"processSecondaryColGroupDef","suppressRowHoverClass":"suppressRowHoverClass","suppressTouch":"suppressTouch","animateRows":"animateRows","groupSelectsFiltered":"groupSelectsFiltered","groupRemoveSingleChildren":"groupRemoveSingleChildren","getBusinessKeyForNode":"getBusinessKeyForNode","checkboxSelection":"checkboxSelection","enableRtl":"enableRtl","suppressClickEdit":"suppressClickEdit","enableRtlSupport":"enableRtlSupport","excelStyles":"excelStyles","dateComponent":"dateComponent","dateComponentFramework":"dateComponentFramework","dateComponentParams":"dateComponentParams","sendToClipboard":"sendToClipboard","navigateToNextCell":"navigateToNextCell","tabToNextCell":"tabToNextCell","processCellFromClipboard":"processCellFromClipboard","getDocument":"getDocument","enableGroupEdit":"enableGroupEdit","embedFullWidthRows":"embedFullWidthRows","suppressTabbing":"suppressTabbing","suppressPaginationPanel":"suppressPaginationPanel","paginationStartPage":"paginationStartPage","floatingFilter":"floatingFilter","groupHideOpenParents":"groupHideOpenParents","defaultExportParams":"defaultExportParams","infiniteBlockSize":"infiniteBlockSize","infiniteInitialRowCount":"infiniteInitialRowCount","allowContextMenuWithControlKey":"allowContextMenuWithControlKey","groupMultiAutoColumn":"groupMultiAutoColumn","pagination":"pagination","stopEditingWhenGridLosesFocus":"stopEditingWhenGridLosesFocus","paginationAutoPageSize":"paginationAutoPageSize","groupHeaderHeight":"groupHeaderHeight","floatingFiltersHeight":"floatingFiltersHeight","pivotHeaderHeight":"pivotHeaderHeight","pivotGroupHeaderHeight":"pivotGroupHeaderHeight","maxBlocksInCache":"maxBlocksInCache","cacheOverflowSize":"cacheOverflowSize","suppressAggAtRootLevel":"suppressAggAtRootLevel","purgeClosedRowNodes":"purgeClosedRowNodes","postProcessPopup":"postProcessPopup","suppressAsyncEvents":"suppressAsyncEvents","cacheQuickFilter":"cacheQuickFilter","domLayout":"domLayout","deltaRowDataMode":"deltaRowDataMode","rowDataUpdated":"rowDataUpdated","autoGroupColumnDef":"autoGroupColumnDef","clipboardDeliminator":"clipboardDeliminator","enforceRowDomOrder":"enforceRowDomOrder","accentedSort":"accentedSort","pivotTotals":"pivotTotals","alignedGrids":"alignedGrids","columnTypes":"columnTypes","cacheBlockSize":"cacheBlockSize","suppressChangeDetection":"suppressChangeDetection","valueCache":"valueCache","valueCacheNeverExpires":"valueCacheNeverExpires","aggregateOnlyChangedColumns":"aggregateOnlyChangedColumns","pinnedTopRowData":"pinnedTopRowData","pinnedBottomRowData":"pinnedBottomRowData","pinnedRowDataChanged":"pinnedRowDataChanged","alwaysShowStatusBar":"alwaysShowStatusBar","ensureDomOrder":"ensureDomOrder"},"outputs":{"gridReady":"gridReady","columnEverythingChanged":"columnEverythingChanged","newColumnsLoaded":"newColumnsLoaded","columnPivotModeChanged":"columnPivotModeChanged","columnRowGroupChanged":"columnRowGroupChanged","columnPivotChanged":"columnPivotChanged","gridColumnsChanged":"gridColumnsChanged","columnValueChanged":"columnValueChanged","columnMoved":"columnMoved","columnVisible":"columnVisible","columnPinned":"columnPinned","columnGroupOpened":"columnGroupOpened","columnResized":"columnResized","displayedColumnsChanged":"displayedColumnsChanged","virtualColumnsChanged":"virtualColumnsChanged","rowGroupOpened":"rowGroupOpened","rowDataChanged":"rowDataChanged","floatingRowDataChanged":"floatingRowDataChanged","rangeSelectionChanged":"rangeSelectionChanged","columnRowGroupAddRequest":"columnRowGroupAddRequest","columnRowGroupRemoveRequest":"columnRowGroupRemoveRequest","columnPivotAddRequest":"columnPivotAddRequest","columnPivotRemoveRequest":"columnPivotRemoveRequest","columnValueAddRequest":"columnValueAddRequest","columnValueRemoveRequest":"columnValueRemoveRequest","columnAggFuncChangeRequest":"columnAggFuncChangeRequest","clipboardPaste":"clipboardPaste","modelUpdated":"modelUpdated","cellClicked":"cellClicked","cellDoubleClicked":"cellDoubleClicked","cellContextMenu":"cellContextMenu","cellValueChanged":"cellValueChanged","cellFocused":"cellFocused","rowSelected":"rowSelected","selectionChanged":"selectionChanged","filterChanged":"filterChanged","filterModified":"filterModified","sortChanged":"sortChanged","virtualRowRemoved":"virtualRowRemoved","rowClicked":"rowClicked","rowDoubleClicked":"rowDoubleClicked","gridSizeChanged":"gridSizeChanged","viewportChanged":"viewportChanged","dragStarted":"dragStarted","dragStopped":"dragStopped","itemsAdded":"itemsAdded","itemsRemoved":"itemsRemoved","columnRowGroupChangeRequest":"columnRowGroupChangeRequest","columnPivotChangeRequest":"columnPivotChangeRequest","columnValueChangeRequest":"columnValueChangeRequest","rowValueChanged":"rowValueChanged","bodyScroll":"bodyScroll","rowEditingStarted":"rowEditingStarted","rowEditingStopped":"rowEditingStopped","cellEditingStarted":"cellEditingStarted","cellEditingStopped":"cellEditingStopped","displayedColumnsWidthChanged":"displayedColumnsWidthChanged","scrollVisibilityChanged":"scrollVisibilityChanged","flashCells":"flashCells","cellMouseOver":"cellMouseOver","cellMouseOut":"cellMouseOut","columnHoverChanged":"columnHoverChanged","paginationReset":"paginationReset","paginationPageLoaded":"paginationPageLoaded","paginationPageRequested":"paginationPageRequested","paginationChanged":"paginationChanged","bodyHeightChanged":"bodyHeightChanged","componentStateChanged":"componentStateChanged","beforeFilterChanged":"beforeFilterChanged","afterFilterChanged":"afterFilterChanged","beforeSortChanged":"beforeSortChanged","afterSortChanged":"afterSortChanged"},"hostListeners":{},"hostProperties":{},"hostAttributes":{},"providers":[{"token":{"identifier":{"reference":{"__symbol":5,"members":[]},"diDeps":[{"isAttribute":false,"isHost":false,"isSelf":false,"isSkipSelf":false,"isOptional":false,"token":{"identifier":{"reference":{"__symbol":10,"members":[]}}}},{"isAttribute":false,"isHost":false,"isSelf":false,"isSkipSelf":false,"isOptional":false,"token":{"identifier":{"reference":{"__symbol":11,"members":[]}}}}],"lifecycleHooks":[]}},"useClass":{"reference":{"__symbol":5,"members":[]},"diDeps":[{"isAttribute":false,"isHost":false,"isSelf":false,"isSkipSelf":false,"isOptional":false,"token":{"identifier":{"reference":{"__symbol":10,"members":[]}}}},{"isAttribute":false,"isHost":false,"isSelf":false,"isSkipSelf":false,"isOptional":false,"token":{"identifier":{"reference":{"__symbol":11,"members":[]}}}}],"lifecycleHooks":[]},"useFactory":null,"deps":[{"isAttribute":false,"isHost":false,"isSelf":false,"isSkipSelf":false,"isOptional":false,"token":{"identifier":{"reference":{"__symbol":10,"members":[]}}}},{"isAttribute":false,"isHost":false,"isSelf":false,"isSkipSelf":false,"isOptional":false,"token":{"identifier":{"reference":{"__symbol":11,"members":[]}}}}],"multi":false},{"token":{"identifier":{"reference":{"__symbol":6,"members":[]},"diDeps":[],"lifecycleHooks":[]}},"useClass":{"reference":{"__symbol":6,"members":[]},"diDeps":[],"lifecycleHooks":[]},"useFactory":null,"deps":[],"multi":false}],"viewProviders":[],"queries":[{"selectors":[{"identifier":{"reference":{"__symbol":2,"members":[]}}}],"first":false,"descendants":false,"propertyName":"columns","read":null}],"viewQueries":[],"entryComponents":[],"changeDetection":1,"template":{"animations":[],"ngContentSelectors":[],"encapsulation":2},"componentViewType":{"__symbol":12,"members":[]},"rendererType":{"__symbol":13,"members":[]},"componentFactory":{"__symbol":14,"members":[]}}}],"symbols":[{"__symbol":0,"name":"AgGridNg2","filePath":"/Users/alberto/volatile/releases/12.0.0/ag-grid-angular/src/agGridNg2.d.ts"},{"__symbol":1,"name":"ContentChildren","filePath":"/Users/alberto/volatile/releases/12.0.0/ag-grid-angular/node_modules/@angular/core/core.d.ts"},{"__symbol":2,"name":"AgGridColumn","filePath":"/Users/alberto/volatile/releases/12.0.0/ag-grid-angular/src/agGridColumn.d.ts"},{"__symbol":3,"name":"ElementRef","filePath":"/Users/alberto/volatile/releases/12.0.0/ag-grid-angular/node_modules/@angular/core/core.d.ts"},{"__symbol":4,"name":"ViewContainerRef","filePath":"/Users/alberto/volatile/releases/12.0.0/ag-grid-angular/node_modules/@angular/core/core.d.ts"},{"__symbol":5,"name":"Ng2FrameworkFactory","filePath":"/Users/alberto/volatile/releases/12.0.0/ag-grid-angular/src/ng2FrameworkFactory.d.ts"},{"__symbol":6,"name":"Ng2FrameworkComponentWrapper","filePath":"/Users/alberto/volatile/releases/12.0.0/ag-grid-angular/src/ng2FrameworkComponentWrapper.d.ts"},{"__symbol":7,"name":"ComponentFactoryResolver","filePath":"/Users/alberto/volatile/releases/12.0.0/ag-grid-angular/node_modules/@angular/core/core.d.ts"},{"__symbol":8,"name":"Input","filePath":"/Users/alberto/volatile/releases/12.0.0/ag-grid-angular/node_modules/@angular/core/core.d.ts"},{"__symbol":9,"name":"Output","filePath":"/Users/alberto/volatile/releases/12.0.0/ag-grid-angular/node_modules/@angular/core/core.d.ts"},{"__symbol":10,"name":"BaseComponentFactory","filePath":"/Users/alberto/volatile/releases/12.0.0/ag-grid-angular/src/baseComponentFactory.d.ts"},{"__symbol":11,"name":"NgZone","filePath":"/Users/alberto/volatile/releases/12.0.0/ag-grid-angular/node_modules/@angular/core/core.d.ts"},{"__symbol":12,"name":"View_AgGridNg2_0","filePath":"/Users/alberto/volatile/releases/12.0.0/ag-grid-angular/src/agGridNg2.ngfactory.d.ts"},{"__symbol":13,"name":"RenderType_AgGridNg2","filePath":"/Users/alberto/volatile/releases/12.0.0/ag-grid-angular/src/agGridNg2.ngfactory.d.ts"},{"__symbol":14,"name":"AgGridNg2NgFactory","filePath":"/Users/alberto/volatile/releases/12.0.0/ag-grid-angular/src/agGridNg2.ngfactory.d.ts"}]}