{"summaries":[{"symbol":{"__symbol":0,"members":[]},"metadata":{"__symbolic":"class","members":{"childColumns":[{"__symbolic":"property","decorators":[{"__symbolic":"call","expression":{"__symbol":1,"members":[]},"arguments":[{"__symbol":0,"members":[]}]}]}],"hasChildColumns":[{"__symbolic":"method"}],"toColDef":[{"__symbolic":"method"}],"getChildColDefs":[{"__symbolic":"method"}],"createColDefFromGridColumn":[{"__symbolic":"method"}],"headerName":[{"__symbolic":"property","decorators":[{"__symbolic":"call","expression":{"__symbol":2,"members":[]}}]}],"columnGroupShow":[{"__symbolic":"property","decorators":[{"__symbolic":"call","expression":{"__symbol":2,"members":[]}}]}],"headerClass":[{"__symbolic":"property","decorators":[{"__symbolic":"call","expression":{"__symbol":2,"members":[]}}]}],"toolPanelClass":[{"__symbolic":"property","decorators":[{"__symbolic":"call","expression":{"__symbol":2,"members":[]}}]}],"headerValueGetter":[{"__symbolic":"property","decorators":[{"__symbolic":"call","expression":{"__symbol":2,"members":[]}}]}],"pivotKeys":[{"__symbolic":"property","decorators":[{"__symbolic":"call","expression":{"__symbol":2,"members":[]}}]}],"suppressToolPanel":[{"__symbolic":"property","decorators":[{"__symbolic":"call","expression":{"__symbol":2,"members":[]}}]}],"children":[{"__symbolic":"property","decorators":[{"__symbolic":"call","expression":{"__symbol":2,"members":[]}}]}],"groupId":[{"__symbolic":"property","decorators":[{"__symbolic":"call","expression":{"__symbol":2,"members":[]}}]}],"openByDefault":[{"__symbolic":"property","decorators":[{"__symbolic":"call","expression":{"__symbol":2,"members":[]}}]}],"marryChildren":[{"__symbolic":"property","decorators":[{"__symbolic":"call","expression":{"__symbol":2,"members":[]}}]}],"colId":[{"__symbolic":"property","decorators":[{"__symbolic":"call","expression":{"__symbol":2,"members":[]}}]}],"sort":[{"__symbolic":"property","decorators":[{"__symbolic":"call","expression":{"__symbol":2,"members":[]}}]}],"sortedAt":[{"__symbolic":"property","decorators":[{"__symbolic":"call","expression":{"__symbol":2,"members":[]}}]}],"sortingOrder":[{"__symbolic":"property","decorators":[{"__symbolic":"call","expression":{"__symbol":2,"members":[]}}]}],"field":[{"__symbolic":"property","decorators":[{"__symbolic":"call","expression":{"__symbol":2,"members":[]}}]}],"hide":[{"__symbolic":"property","decorators":[{"__symbolic":"call","expression":{"__symbol":2,"members":[]}}]}],"pinned":[{"__symbolic":"property","decorators":[{"__symbolic":"call","expression":{"__symbol":2,"members":[]}}]}],"tooltipField":[{"__symbolic":"property","decorators":[{"__symbolic":"call","expression":{"__symbol":2,"members":[]}}]}],"headerTooltip":[{"__symbolic":"property","decorators":[{"__symbolic":"call","expression":{"__symbol":2,"members":[]}}]}],"valueGetter":[{"__symbolic":"property","decorators":[{"__symbolic":"call","expression":{"__symbol":2,"members":[]}}]}],"keyCreator":[{"__symbolic":"property","decorators":[{"__symbolic":"call","expression":{"__symbol":2,"members":[]}}]}],"headerCellRenderer":[{"__symbolic":"property","decorators":[{"__symbolic":"call","expression":{"__symbol":2,"members":[]}}]}],"headerCellTemplate":[{"__symbolic":"property","decorators":[{"__symbolic":"call","expression":{"__symbol":2,"members":[]}}]}],"width":[{"__symbolic":"property","decorators":[{"__symbolic":"call","expression":{"__symbol":2,"members":[]}}]}],"minWidth":[{"__symbolic":"property","decorators":[{"__symbolic":"call","expression":{"__symbol":2,"members":[]}}]}],"maxWidth":[{"__symbolic":"property","decorators":[{"__symbolic":"call","expression":{"__symbol":2,"members":[]}}]}],"cellClass":[{"__symbolic":"property","decorators":[{"__symbolic":"call","expression":{"__symbol":2,"members":[]}}]}],"cellStyle":[{"__symbolic":"property","decorators":[{"__symbolic":"call","expression":{"__symbol":2,"members":[]}}]}],"cellRenderer":[{"__symbolic":"property","decorators":[{"__symbolic":"call","expression":{"__symbol":2,"members":[]}}]}],"cellRendererFramework":[{"__symbolic":"property","decorators":[{"__symbolic":"call","expression":{"__symbol":2,"members":[]}}]}],"cellRendererParams":[{"__symbolic":"property","decorators":[{"__symbolic":"call","expression":{"__symbol":2,"members":[]}}]}],"cellEditor":[{"__symbolic":"property","decorators":[{"__symbolic":"call","expression":{"__symbol":2,"members":[]}}]}],"cellEditorFramework":[{"__symbolic":"property","decorators":[{"__symbolic":"call","expression":{"__symbol":2,"members":[]}}]}],"cellEditorParams":[{"__symbolic":"property","decorators":[{"__symbolic":"call","expression":{"__symbol":2,"members":[]}}]}],"floatingCellRenderer":[{"__symbolic":"property","decorators":[{"__symbolic":"call","expression":{"__symbol":2,"members":[]}}]}],"floatingCellRendererFramework":[{"__symbolic":"property","decorators":[{"__symbolic":"call","expression":{"__symbol":2,"members":[]}}]}],"floatingCellRendererParams":[{"__symbolic":"property","decorators":[{"__symbolic":"call","expression":{"__symbol":2,"members":[]}}]}],"cellFormatter":[{"__symbolic":"property","decorators":[{"__symbolic":"call","expression":{"__symbol":2,"members":[]}}]}],"floatingCellFormatter":[{"__symbolic":"property","decorators":[{"__symbolic":"call","expression":{"__symbol":2,"members":[]}}]}],"aggFunc":[{"__symbolic":"property","decorators":[{"__symbolic":"call","expression":{"__symbol":2,"members":[]}}]}],"rowGroupIndex":[{"__symbolic":"property","decorators":[{"__symbolic":"call","expression":{"__symbol":2,"members":[]}}]}],"pivotIndex":[{"__symbolic":"property","decorators":[{"__symbolic":"call","expression":{"__symbol":2,"members":[]}}]}],"comparator":[{"__symbolic":"property","decorators":[{"__symbolic":"call","expression":{"__symbol":2,"members":[]}}]}],"checkboxSelection":[{"__symbolic":"property","decorators":[{"__symbolic":"call","expression":{"__symbol":2,"members":[]}}]}],"suppressMenu":[{"__symbolic":"property","decorators":[{"__symbolic":"call","expression":{"__symbol":2,"members":[]}}]}],"suppressSorting":[{"__symbolic":"property","decorators":[{"__symbolic":"call","expression":{"__symbol":2,"members":[]}}]}],"suppressMovable":[{"__symbolic":"property","decorators":[{"__symbolic":"call","expression":{"__symbol":2,"members":[]}}]}],"suppressFilter":[{"__symbolic":"property","decorators":[{"__symbolic":"call","expression":{"__symbol":2,"members":[]}}]}],"unSortIcon":[{"__symbolic":"property","decorators":[{"__symbolic":"call","expression":{"__symbol":2,"members":[]}}]}],"suppressSizeToFit":[{"__symbolic":"property","decorators":[{"__symbolic":"call","expression":{"__symbol":2,"members":[]}}]}],"suppressResize":[{"__symbolic":"property","decorators":[{"__symbolic":"call","expression":{"__symbol":2,"members":[]}}]}],"suppressAutoSize":[{"__symbolic":"property","decorators":[{"__symbolic":"call","expression":{"__symbol":2,"members":[]}}]}],"enableRowGroup":[{"__symbolic":"property","decorators":[{"__symbolic":"call","expression":{"__symbol":2,"members":[]}}]}],"enablePivot":[{"__symbolic":"property","decorators":[{"__symbolic":"call","expression":{"__symbol":2,"members":[]}}]}],"enableValue":[{"__symbolic":"property","decorators":[{"__symbolic":"call","expression":{"__symbol":2,"members":[]}}]}],"editable":[{"__symbolic":"property","decorators":[{"__symbolic":"call","expression":{"__symbol":2,"members":[]}}]}],"getQuickFilterText":[{"__symbolic":"property","decorators":[{"__symbolic":"call","expression":{"__symbol":2,"members":[]}}]}],"suppressNavigable":[{"__symbolic":"property","decorators":[{"__symbolic":"call","expression":{"__symbol":2,"members":[]}}]}],"newValueHandler":[{"__symbolic":"property","decorators":[{"__symbolic":"call","expression":{"__symbol":2,"members":[]}}]}],"volatile":[{"__symbolic":"property","decorators":[{"__symbolic":"call","expression":{"__symbol":2,"members":[]}}]}],"filter":[{"__symbolic":"property","decorators":[{"__symbolic":"call","expression":{"__symbol":2,"members":[]}}]}],"filterFramework":[{"__symbolic":"property","decorators":[{"__symbolic":"call","expression":{"__symbol":2,"members":[]}}]}],"filterParams":[{"__symbolic":"property","decorators":[{"__symbolic":"call","expression":{"__symbol":2,"members":[]}}]}],"cellClassRules":[{"__symbolic":"property","decorators":[{"__symbolic":"call","expression":{"__symbol":2,"members":[]}}]}],"onCellValueChanged":[{"__symbolic":"property","decorators":[{"__symbolic":"call","expression":{"__symbol":2,"members":[]}}]}],"onCellClicked":[{"__symbolic":"property","decorators":[{"__symbolic":"call","expression":{"__symbol":2,"members":[]}}]}],"onCellDoubleClicked":[{"__symbolic":"property","decorators":[{"__symbolic":"call","expression":{"__symbol":2,"members":[]}}]}],"onCellContextMenu":[{"__symbolic":"property","decorators":[{"__symbolic":"call","expression":{"__symbol":2,"members":[]}}]}],"icons":[{"__symbolic":"property","decorators":[{"__symbolic":"call","expression":{"__symbol":2,"members":[]}}]}],"enableCellChangeFlash":[{"__symbolic":"property","decorators":[{"__symbolic":"call","expression":{"__symbol":2,"members":[]}}]}],"headerGroupComponentFramework":[{"__symbolic":"property","decorators":[{"__symbolic":"call","expression":{"__symbol":2,"members":[]}}]}],"headerGroupComponentParams":[{"__symbolic":"property","decorators":[{"__symbolic":"call","expression":{"__symbol":2,"members":[]}}]}],"headerComponentFramework":[{"__symbolic":"property","decorators":[{"__symbolic":"call","expression":{"__symbol":2,"members":[]}}]}],"headerComponentParams":[{"__symbolic":"property","decorators":[{"__symbolic":"call","expression":{"__symbol":2,"members":[]}}]}]}},"type":{"summaryKind":1,"type":{"reference":{"__symbol":0,"members":[]},"diDeps":[],"lifecycleHooks":[]},"isComponent":true,"selector":"ag-grid-column","exportAs":null,"inputs":{"headerName":"headerName","columnGroupShow":"columnGroupShow","headerClass":"headerClass","toolPanelClass":"toolPanelClass","headerValueGetter":"headerValueGetter","pivotKeys":"pivotKeys","suppressToolPanel":"suppressToolPanel","children":"children","groupId":"groupId","openByDefault":"openByDefault","marryChildren":"marryChildren","colId":"colId","sort":"sort","sortedAt":"sortedAt","sortingOrder":"sortingOrder","field":"field","hide":"hide","pinned":"pinned","tooltipField":"tooltipField","headerTooltip":"headerTooltip","valueGetter":"valueGetter","keyCreator":"keyCreator","headerCellRenderer":"headerCellRenderer","headerCellTemplate":"headerCellTemplate","width":"width","minWidth":"minWidth","maxWidth":"maxWidth","cellClass":"cellClass","cellStyle":"cellStyle","cellRenderer":"cellRenderer","cellRendererFramework":"cellRendererFramework","cellRendererParams":"cellRendererParams","cellEditor":"cellEditor","cellEditorFramework":"cellEditorFramework","cellEditorParams":"cellEditorParams","floatingCellRenderer":"floatingCellRenderer","floatingCellRendererFramework":"floatingCellRendererFramework","floatingCellRendererParams":"floatingCellRendererParams","cellFormatter":"cellFormatter","floatingCellFormatter":"floatingCellFormatter","aggFunc":"aggFunc","rowGroupIndex":"rowGroupIndex","pivotIndex":"pivotIndex","comparator":"comparator","checkboxSelection":"checkboxSelection","suppressMenu":"suppressMenu","suppressSorting":"suppressSorting","suppressMovable":"suppressMovable","suppressFilter":"suppressFilter","unSortIcon":"unSortIcon","suppressSizeToFit":"suppressSizeToFit","suppressResize":"suppressResize","suppressAutoSize":"suppressAutoSize","enableRowGroup":"enableRowGroup","enablePivot":"enablePivot","enableValue":"enableValue","editable":"editable","getQuickFilterText":"getQuickFilterText","suppressNavigable":"suppressNavigable","newValueHandler":"newValueHandler","volatile":"volatile","filter":"filter","filterFramework":"filterFramework","filterParams":"filterParams","cellClassRules":"cellClassRules","onCellValueChanged":"onCellValueChanged","onCellClicked":"onCellClicked","onCellDoubleClicked":"onCellDoubleClicked","onCellContextMenu":"onCellContextMenu","icons":"icons","enableCellChangeFlash":"enableCellChangeFlash","headerGroupComponentFramework":"headerGroupComponentFramework","headerGroupComponentParams":"headerGroupComponentParams","headerComponentFramework":"headerComponentFramework","headerComponentParams":"headerComponentParams"},"outputs":{},"hostListeners":{},"hostProperties":{},"hostAttributes":{},"providers":[],"viewProviders":[],"queries":[{"selectors":[{"identifier":{"reference":{"__symbol":0,"members":[]}}}],"first":false,"descendants":false,"propertyName":"childColumns","read":null}],"viewQueries":[],"entryComponents":[],"changeDetection":1,"template":{"animations":[],"ngContentSelectors":[],"encapsulation":2},"componentViewType":{"__symbol":3,"members":[]},"rendererType":{"__symbol":4,"members":[]},"componentFactory":{"__symbol":5,"members":[]}}}],"symbols":[{"__symbol":0,"name":"AgGridColumn","filePath":"/Users/alberto/volatile/releases/12.0.0/ag-grid-angular/src/agGridColumn.d.ts"},{"__symbol":1,"name":"ContentChildren","filePath":"/Users/alberto/volatile/releases/12.0.0/ag-grid-angular/node_modules/@angular/core/core.d.ts"},{"__symbol":2,"name":"Input","filePath":"/Users/alberto/volatile/releases/12.0.0/ag-grid-angular/node_modules/@angular/core/core.d.ts"},{"__symbol":3,"name":"View_AgGridColumn_0","filePath":"/Users/alberto/volatile/releases/12.0.0/ag-grid-angular/src/agGridColumn.ngfactory.d.ts"},{"__symbol":4,"name":"RenderType_AgGridColumn","filePath":"/Users/alberto/volatile/releases/12.0.0/ag-grid-angular/src/agGridColumn.ngfactory.d.ts"},{"__symbol":5,"name":"AgGridColumnNgFactory","filePath":"/Users/alberto/volatile/releases/12.0.0/ag-grid-angular/src/agGridColumn.ngfactory.d.ts"}]}