{"summaries":[{"symbol":{"__symbol":0,"members":[]},"metadata":{"__symbolic":"class","statics":{"withComponents":{"__symbolic":"function","parameters":["components"],"value":{"ngModule":{"__symbol":0,"members":[]},"providers":[{"__symbol":1,"members":[]},{"provide":{"__symbol":2,"members":[]},"useExisting":{"__symbol":1,"members":[]}},{"provide":{"__symbol":3,"members":[]},"useValue":{"__symbolic":"reference","name":"components"},"multi":true}]}}}},"type":{"summaryKind":2,"type":{"reference":{"__symbol":0,"members":[]},"diDeps":[],"lifecycleHooks":[]},"entryComponents":[],"providers":[],"modules":[{"reference":{"__symbol":0,"members":[]},"diDeps":[],"lifecycleHooks":[]}],"exportedDirectives":[{"reference":{"__symbol":4,"members":[]}},{"reference":{"__symbol":5,"members":[]}}],"exportedPipes":[]}}],"symbols":[{"__symbol":0,"name":"AgGridModule","filePath":"/Users/alberto/volatile/releases/12.0.0/ag-grid-angular/src/aggrid.module.d.ts"},{"__symbol":1,"name":"Ng2ComponentFactory","filePath":"/Users/alberto/volatile/releases/12.0.0/ag-grid-angular/src/ng2ComponentFactory.d.ts"},{"__symbol":2,"name":"BaseComponentFactory","filePath":"/Users/alberto/volatile/releases/12.0.0/ag-grid-angular/src/baseComponentFactory.d.ts"},{"__symbol":3,"name":"ANALYZE_FOR_ENTRY_COMPONENTS","filePath":"/Users/alberto/volatile/releases/12.0.0/ag-grid-angular/node_modules/@angular/core/core.d.ts"},{"__symbol":4,"name":"AgGridNg2","filePath":"/Users/alberto/volatile/releases/12.0.0/ag-grid-angular/src/agGridNg2.d.ts"},{"__symbol":5,"name":"AgGridColumn","filePath":"/Users/alberto/volatile/releases/12.0.0/ag-grid-angular/src/agGridColumn.d.ts"}]}