{"summaries":[{"symbol":{"__symbol":0,"members":[]},"metadata":{"__symbolic":"class","members":{"createCellRendererFromComponent":[{"__symbolic":"method"}],"createRendererFromComponent":[{"__symbolic":"method"}],"createEditorFromComponent":[{"__symbolic":"method"}],"createFilterFromComponent":[{"__symbolic":"method"}]}},"type":{"summaryKind":3,"type":{"reference":{"__symbol":0,"members":[]},"diDeps":[],"lifecycleHooks":[]}}}],"symbols":[{"__symbol":0,"name":"BaseComponentFactory","filePath":"/Users/alberto/volatile/releases/12.0.0/ag-grid-angular/src/baseComponentFactory.d.ts"}]}