{"summaries":[{"symbol":{"__symbol":0,"members":[]},"metadata":{"__symbolic":"interface"}},{"symbol":{"__symbol":1,"members":[]},"metadata":{"__symbolic":"interface"}},{"symbol":{"__symbol":2,"members":[]},"metadata":{"__symbolic":"interface"}},{"symbol":{"__symbol":3,"members":[]},"metadata":{"__symbolic":"interface"}},{"symbol":{"__symbol":4,"members":[]},"metadata":{"__symbolic":"interface"}},{"symbol":{"__symbol":5,"members":[]},"metadata":{"__symbolic":"interface"}},{"symbol":{"__symbol":6,"members":[]},"metadata":{"__symbolic":"interface"}},{"symbol":{"__symbol":7,"members":[]},"metadata":{"__symbolic":"interface"}},{"symbol":{"__symbol":8,"members":[]},"metadata":{"__symbolic":"interface"}},{"symbol":{"__symbol":9,"members":[]},"metadata":{"__symbolic":"interface"}},{"symbol":{"__symbol":10,"members":[]},"metadata":{"__symbolic":"interface"}}],"symbols":[{"__symbol":0,"name":"AgFrameworkComponent","filePath":"/Users/alberto/volatile/releases/12.0.0/ag-grid-angular/src/interfaces.d.ts"},{"__symbol":1,"name":"IHeaderGroupAngularComp","filePath":"/Users/alberto/volatile/releases/12.0.0/ag-grid-angular/src/interfaces.d.ts"},{"__symbol":2,"name":"IHeaderAngularComp","filePath":"/Users/alberto/volatile/releases/12.0.0/ag-grid-angular/src/interfaces.d.ts"},{"__symbol":3,"name":"IFloatingFilterComp","filePath":"/Users/alberto/volatile/releases/12.0.0/ag-grid-angular/src/interfaces.d.ts"},{"__symbol":4,"name":"IDateAngularComp","filePath":"/Users/alberto/volatile/releases/12.0.0/ag-grid-angular/src/interfaces.d.ts"},{"__symbol":5,"name":"IFilterAngularComp","filePath":"/Users/alberto/volatile/releases/12.0.0/ag-grid-angular/src/interfaces.d.ts"},{"__symbol":6,"name":"ICellRendererAngularComp","filePath":"/Users/alberto/volatile/releases/12.0.0/ag-grid-angular/src/interfaces.d.ts"},{"__symbol":7,"name":"ICellEditorAngularComp","filePath":"/Users/alberto/volatile/releases/12.0.0/ag-grid-angular/src/interfaces.d.ts"},{"__symbol":8,"name":"AgRendererComponent","filePath":"/Users/alberto/volatile/releases/12.0.0/ag-grid-angular/src/interfaces.d.ts"},{"__symbol":9,"name":"AgEditorComponent","filePath":"/Users/alberto/volatile/releases/12.0.0/ag-grid-angular/src/interfaces.d.ts"},{"__symbol":10,"name":"AgFilterComponent","filePath":"/Users/alberto/volatile/releases/12.0.0/ag-grid-angular/src/interfaces.d.ts"}]}