{"summaries":[{"symbol":{"__symbol":0,"members":[]},"metadata":{"__symbolic":"class","extends":{"__symbol":1,"members":[]},"members":{"__ctor__":[{"__symbolic":"constructor","parameters":[{"__symbol":2,"members":[]}]}],"createRendererFromComponent":[{"__symbolic":"method"}],"createEditorFromComponent":[{"__symbolic":"method"}],"createFilterFromComponent":[{"__symbolic":"method"}],"adaptComponentToRenderer":[{"__symbolic":"method"}],"adaptComponentToEditor":[{"__symbolic":"method"}],"adaptComponentToFilter":[{"__symbolic":"method"}],"createComponent":[{"__symbolic":"method"}]}},"type":{"summaryKind":3,"type":{"reference":{"__symbol":0,"members":[]},"diDeps":[{"isAttribute":false,"isHost":false,"isSelf":false,"isSkipSelf":false,"isOptional":false,"token":{"identifier":{"reference":{"__symbol":2,"members":[]}}}}],"lifecycleHooks":[]}}}],"symbols":[{"__symbol":0,"name":"Ng2ComponentFactory","filePath":"/Users/alberto/volatile/releases/12.0.0/ag-grid-angular/src/ng2ComponentFactory.d.ts"},{"__symbol":1,"name":"BaseComponentFactory","filePath":"/Users/alberto/volatile/releases/12.0.0/ag-grid-angular/src/baseComponentFactory.d.ts"},{"__symbol":2,"name":"ComponentFactoryResolver","filePath":"/Users/alberto/volatile/releases/12.0.0/ag-grid-angular/node_modules/@angular/core/core.d.ts"}]}