{"summaries":[{"symbol":{"__symbol":0,"members":[]},"metadata":{"__symbolic":"class","members":{"__ctor__":[{"__symbolic":"constructor","parameters":[{"__symbol":1,"members":[]},{"__symbol":2,"members":[]}]}],"colDefFloatingCellRenderer":[{"__symbolic":"method"}],"colDefCellRenderer":[{"__symbolic":"method"}],"colDefCellEditor":[{"__symbolic":"method"}],"gridOptionsFullWidthCellRenderer":[{"__symbolic":"method"}],"gridOptionsGroupRowRenderer":[{"__symbolic":"method"}],"gridOptionsGroupRowInnerRenderer":[{"__symbolic":"method"}],"colDefFilter":[{"__symbolic":"method"}],"setViewContainerRef":[{"__symbolic":"method"}],"setTimeout":[{"__symbolic":"method"}]}},"type":{"summaryKind":3,"type":{"reference":{"__symbol":0,"members":[]},"diDeps":[{"isAttribute":false,"isHost":false,"isSelf":false,"isSkipSelf":false,"isOptional":false,"token":{"identifier":{"reference":{"__symbol":1,"members":[]}}}},{"isAttribute":false,"isHost":false,"isSelf":false,"isSkipSelf":false,"isOptional":false,"token":{"identifier":{"reference":{"__symbol":2,"members":[]}}}}],"lifecycleHooks":[]}}}],"symbols":[{"__symbol":0,"name":"Ng2FrameworkFactory","filePath":"/Users/alberto/volatile/releases/12.0.0/ag-grid-angular/src/ng2FrameworkFactory.d.ts"},{"__symbol":1,"name":"BaseComponentFactory","filePath":"/Users/alberto/volatile/releases/12.0.0/ag-grid-angular/src/baseComponentFactory.d.ts"},{"__symbol":2,"name":"NgZone","filePath":"/Users/alberto/volatile/releases/12.0.0/ag-grid-angular/node_modules/@angular/core/core.d.ts"}]}