{"summaries":[{"symbol":{"__symbol":0,"members":[]},"metadata":{"__symbolic":"class","extends":{"__symbol":1,"members":[]},"members":{"setViewContainerRef":[{"__symbolic":"method"}],"setComponentFactoryResolver":[{"__symbolic":"method"}],"createWrapper":[{"__symbolic":"method"}],"createComponent":[{"__symbolic":"method"}]}},"type":{"summaryKind":3,"type":{"reference":{"__symbol":0,"members":[]},"diDeps":[],"lifecycleHooks":[]}}}],"symbols":[{"__symbol":0,"name":"Ng2FrameworkComponentWrapper","filePath":"/Users/alberto/volatile/releases/12.0.0/ag-grid-angular/src/ng2FrameworkComponentWrapper.d.ts"},{"__symbol":1,"name":"BaseComponentWrapper","filePath":"/Users/alberto/volatile/releases/12.0.0/ag-grid-angular/node_modules/ag-grid/main.d.ts"}]}