{
  "rules": {
    "comment-format": [true, "check-space"],
    "class-name": false,
    "curly": true,
    "eofline": true,
    "forin": true,
    "indent": [true, "spaces"],
    "label-position": true,
    "label-undefined": true,
    "max-line-length": [true, 140],
    "no-arg": true,
    "no-bitwise": false,
    "no-console": [true,
        "debug",
        "info",
        "trace"
    ],
    "no-construct": true,
    "no-debugger": true,
    "no-duplicate-key": true,
    "no-duplicate-variable": true,
    "no-empty": false,
    "no-eval": true,
    "no-string-literal": true,
    "no-switch-case-fall-through": true,
    "no-trailing-whitespace": false,
    "no-unused-expression": true,
    "no-unused-variable": false,
    "no-unreachable": true,
    "no-use-before-declare": true,
    "no-var-keyword": false,
    "one-line": [true,
        "check-open-brace",
        "check-catch",
        "check-else",
        "check-whitespace"
    ],
    "quotemark": false,
    "radix": true,
    "semicolon": true,
    "triple-equals": [true, "allow-null-check"],
    "variable-name": false,
    "whitespace": [true,
        "check-branch",
        "check-decl",
        "check-operator",
        "check-separator",
        "check-type"
    ]
  }
}
