{"k":{"k":{"k":{"k":{"k":{"k":{"k":{"k":{"k":{"k":{"k":{"k":{"k":{"k":{"k":{"k":{"k":{"k":{"k":{"k":{"k":{"k":{"k":{"k":{"k":{"k":{"k":{"k":{"k":{"k":{"k":{"k":{"k":{"k":{"k":{"k":{"k":{"k":{"k":{"k":{"k":{"k":{"k":{"k":{"k":{"k":{"k":{"k":{"k":{"k":{"k":{"k":{"k":{"k":{"k":{"k":{"k":{"k":{"k":{"k":{"k":{"k":{"k":{"k":{"k":{"k":{"k":{"k":{"k":{"k":{"k":{"k":{"k":{"k":{"k":{"k":{"k":{"k":{"k":{"k":{"k":{"k":{"k":{"k":{"k":{"k":{"k":{"k":{"k":{"k":{"k":{"k":{"k":{"k":{"k":{"k":{"k":{"k":{"k":{"k":{"k":{"k":{"k":{"k":{"k":{"k":{"k":{"k":{"k":{"k":{"k":{"k":{"k":{"k":{"k":{"k":{"k":{"k":{"k":{"k":{"k":{"k":{"k":{"k":{"k":{"k":{"k":{"k":{"k":{"k":{"k":{"k":{"k":{"k":{"k":{"k":{"k":{"k":{"k":{"k":{"k":{"k":{"k":{"k":{"k":{"k":{"k":{"k":{"k":{"k":{"k":{"k":{"k":{"k":{"k":{"k":{"k":{"k":{"k":{"k":{"k":{"k":{"k":{"k":{"k":{"k":{"k":{"k":{"k":{"k":{"k":{"k":{"k":{"k":{"k":{"k":{"k":{"k":{"k":{"k":{"k":{"k":{"k":{"k":{"k":{"k":{"k":{"k":{"k":{"k":{"k":{"k":{"k":{"k":{"k":{"k":{"k":{"k":{"k":{"k":{"k":{"k":{"k":{"k":{"k":{"k":{"k":{"k":{"k":{"k":{"k":{"k":{"k":{"k":{"k":{"k":{"k":{"k":{"k":{"k":{"k":{"k":{"k":{"k":{"k":{"k":{"k":{"k":{"k":{"k":{"k":{"k":{"k":{"k":{"k":{"k":{"k":{"k":{"k":{"k":{"k":{"k":{"k":{"k":{"k":{"k":{"k":{"k":{"k":{"k":{"k":{"k":{"k":{"k":{"k":{"k":{"k":{"k":{"k":{"k":{"k":{"k":{"k":{"k":{"k":{"k":{"k":{"k":{"k":{"k":{"k":{"k":{"k":{"k":{"k":{"k":{"k":{"k":{"k":{"k":{"k":{"k":{"k":{"k":{"k":{"k":{"k":{"k":{"k":{"k":{"k":{"k":{"k":{"k":{"k":{"k":{"k":{"k":{"k":{"k":{"k":{"k":{"k":{"k":{"k":{"k":{"k":{"k":{"k":{"k":{"k":{"k":{"k":{"k":{"k":{"k":{"k":{"k":{"k":{"k":{"k":{"k":{"k":{"k":{"k":{"k":{"k":{"k":{"k":{"k":{"k":{"k":{"k":{"k":{"k":{"k":{"k":{"k":{"k":{"k":{"k":{"k":{"k":{"k":{"k":{"k":{"k":{"k":{"k":{"k":{"k":{"k":{"k":{"k":{"k":{"k":{"k":{"k":{"k":{"k":{"k":{"k":{"k":{"k":{"k":{"k":{"k":{"k":{"k":{"k":{"k":{"k":{"k":{"k":{"k":{"k":{"k":{"k":{"k":{"k":{"k":{"k":{"k":{"k":{"k":{"k":{"k":{"k":{"k":{"k":{"k":{"k":{"k":{"k":{"k":{"k":{"k":{"k":{"k":{"k":{"k":{"k":{"k":{"k":{"k":{"k":{"k":{"k":{"k":{"k":{"k":{"k":{"k":{"k":{"k":{"k":{"k":{"k":{"k":{"k":{"k":{"k":{"k":{"k":{"k":{"k":{"k":{"k":{"k":{"k":{"k":{"k":{"k":{"k":{"k":{"k":{"k":{"k":{"k":{"k":{"k":{"k":{"k":{"k":{"k":{"k":{"k":{"k":{"k":{"k":{"k":{"k":{"k":{"k":{"k":{"k":{"k":{"k":{"k":{"k":{"k":{"k":{"k":{"k":{"k":{"k":{"k":{"k":{"k":{"k":{"k":{"k":{"k":{"k":{"k":{"k":{"k":{"k":{"k":{"k":{"k":{"k":{"k":{"k":{"k":{"k":{"k":{"k":{"k":{"k":{"k":{"k":{"k":{"k":{"k":{"k":{"k":{"k":{"k":{"k":{"k":{"k":{"k":{"k":{"k":{"k":{"k":{"k":{"k":{"k":{"k":{"k":{"k":{"k":{"k":{"k":{"k":{"k":{"k":{"k":{"k":{"k":{"k":{"k":{"k":{"k":{"k":{"k":{"k":{"k":{"k":{"k":{"k":{"k":{"k":{"k":{"k":{"k":{"k":{"k":{"k":{"k":{"k":{"k":{"k":{"k":{"k":{"k":{"k":{"k":{"k":{"k":{"k":{"k":{"k":{"k":{"k":{"k":{"k":{"k":{"k":{"k":{"k":{"k":{"k":{"k":{"k":{"k":{"k":{"k":{"k":{"k":{"k":{"k":{"k":{"k":{"k":{"k":{"k":{"k":{"k":{"k":{"k":{"k":{"k":{"k":{"k":{"k":{"k":{"k":{"k":{"k":{"k":{"k":{"k":{"k":{"k":{"k":{"k":{"k":{"k":{"k":{"k":{"k":{"k":{"k":{"k":{"k":{"k":{"k":{"k":{"k":{"k":{"k":{"k":{"k":{"k":{"k":{"k":{"k":{"k":{"k":{"k":{"k":{"k":{"k":{"k":{"k":{"k":{"k":{"k":{"k":{"k":{"k":{"k":{"k":{"k":{"k":{"k":{"k":{"k":{"k":{"k":{"k":{"k":{"k":{"k":{"k":{"k":{"k":{"k":{"k":{"k":{"k":{"k":{"k":{"k":{"k":{"k":{"k":{"k":{"k":{"k":{"k":{"k":{"k":{"k":{"k":{"k":{"k":{"k":{"k":{"k":{"k":{"k":{"k":{"k":{"k":{"k":{"k":{"k":{"k":{"k":{"k":{"k":{"k":{"k":{"k":{"k":{"k":{"k":{"k":{"k":{"k":{"k":{"k":{"k":{"k":{"k":{"k":{"k":{"k":{"k":{"k":{"k":{"k":{"k":{"k":{"k":{"k":{"k":{"k":{"k":{"k":{"k":{"k":{"k":{"k":{"k":{"k":{"k":{"k":{"k":{"k":{"k":{"k":{"k":{"k":{"k":{"k":{"k":{"k":{"k":{"k":{"k":{"k":{"k":{"k":{"k":{"k":{"k":{"k":{"k":{"k":{"k":{"k":{"k":{"k":{"k":{"k":{"k":{"k":{"k":{"k":{"k":{"k":{"k":{"k":{"k":{"k":{"k":{"k":{"k":{"k":{"k":{"k":{"k":{"k":{"k":{"k":{"k":{"k":{"k":{"k":{"k":{"k":{"k":{"k":{"k":{"k":{"k":{"k":{"k":{"k":{"k":{"k":{"k":{"k":{"k":{"k":{"k":{"k":{"k":{"k":{"k":{"k":{"k":{"k":{"k":{"k":{"k":{"k":{"k":{"k":{"k":{"k":{"k":{"k":{"k":{"k":{"k":{"k":{"k":{"k":{"k":{"k":{"k":{"k":{"k":{"k":{"k":{"k":{"k":{"k":{"k":{"k":{"k":{"k":{"k":{"k":{"k":{"k":{"k":{"k":{"k":{"k":{"k":{"k":{"k":{"k":{"k":{"k":{"k":{"k":{"k":{"k":{"k":{"k":{"k":{"k":{"k":{"k":{"k":{"k":{"k":{"k":{"k":{"k":{"k":{"k":{"k":{"k":{"k":{"k":{"k":{"k":{"k":{"k":{"k":{"k":{"k":{"k":{"k":{"k":{"k":{"k":{"k":{"k":{"k":{"k":{"k":{"k":{"k":{"k":{"k":{"k":{"k":{"k":{"k":{"k":{"k":{"k":{"k":{"k":{"k":{"k":{"k":{"k":{"k":{"k":{"k":{"k":{"k":{"k":{"k":{"k":{"k":{"k":{"k":{"k":{"k":{"k":{"k":{"k":{"k":{"k":{"k":{"k":{"k":{"k":{"k":{"k":{"k":{"k":{"k":{"k":{"k":{"k":{"k":{"k":{"k":{"k":{"k":{"k":{"k":{"k":{"k":{"k":{"k":{"k":{"k":{"k":{"k":{"k":{"k":{"k":{"k":{"k":{"k":{"k":{"k":{"k":{"k":{"k":{"k":{"k":{"k":{"k":{"k":{"k":{"k":{"k":{"k":{"k":{"k":{"k":{"k":{"k":{"k":{"k":{"k":{"k":{"k":{"k":{"k":{"k":{"k":{"k":{"k":{"k":{"k":{"k":{"k":{"k":{"k":{"k":{"k":{"k":{"k":{"k":{"k":{"k":{"k":{"k":{"k":{"k":{"k":{"k":{"k":{"k":{"k":{"k":{"k":{"k":{"k":{"k":{"k":{"k":{"k":{"k":{"k":{"k":{"k":{"k":{"k":{"k":{"k":{"k":{"k":{"k":{"k":{"k":{"k":{"k":{"k":{"k":{"k":{"k":{"k":{"k":{"k":{"k":{"k":{"k":{"k":{"k":{"k":{"k":{"k":{"k":{"k":{"k":{"k":{"k":{"k":{"k":{"k":{"k":{"k":{"k":{"k":{"k":{"k":{"k":{"k":{"k":{"k":{"k":{"k":{"k":{"k":{"k":{"k":{"k":{"k":{"k":{"k":{"k":{"k":{"k":{"k":{"k":{"k":{"k":{"k":{"k":{"k":{"k":{"k":{"k":{"k":{"k":{"k":{"k":{"k":{"k":{"k":{"k":{"k":{"k":{"k":{"k":{"k":{"k":{"k":{"k":{"k":{"k":{"k":{"k":{"k":{"k":{"k":{"k":{"k":{"k":{"k":{"k":{"k":{"k":{"k":{"k":{"k":{"k":{"k":{"k":{"k":{"k":{"k":{"k":{"k":{"k":{"k":{"k":{"k":{"k":{"k":{"k":{"k":{"k":{"k":{"k":{"k":{"k":{"k":{"k":{"k":{"k":{"k":{"k":{"k":{"k":{"k":{"k":{"k":{"k":{"k":{"k":{"k":{"k":{"k":{"k":{"k":{"k":{"k":{"k":{"k":{"k":{"k":{"k":{"k":{"k":{"k":{"k":{"k":{"k":{"k":{"k":{"k":{"k":{"k":{"k":{"k":{"k":{"k":{"k":{"k":{"k":{"k":{"k":{"k":{"k":{"k":{"k":{"k":{"k":{"k":{"k":{"k":{"k":{"k":{"k":{"k":{"k":{"k":{"k":{"k":{"k":{"k":{"k":{"k":{"k":{"k":{"k":{"k":{"k":{"k":{"k":{"k":{"k":{"k":{"k":{"k":{"k":{"k":{"k":{"k":{"k":{"k":{"k":{"k":{"k":{"k":{"k":{"k":{"k":{"k":{"k":{"k":{"k":{"k":{"k":{"k":{"k":{"k":{"k":{"k":{"k":{"k":{"k":{"k":{"k":{"k":{"k":{"k":{"k":{"k":{"k":{"k":{"k":{"k":{"k":{"k":{"k":{"k":{"k":{"k":{"k":{"k":{"k":{"k":{"k":{"k":{"k":{"k":{"k":{"k":{"k":{"k":{"k":{"k":{"k":{"k":{"k":{"k":{"k":{"k":{"k":{"k":{"k":{"k":{"k":{"k":{"k":{"k":{"k":{"k":{"k":{"k":{"k":{"k":{"k":{"k":{"k":{"k":{"k":{"k":{"k":{"k":{"k":{"k":{"k":{"k":{"k":{"k":{"k":{"k":{"k":{"k":{"k":{"k":{"k":{"k":{"k":{"k":{"k":{"k":{"k":{"k":{"k":{"k":{"k":{"k":{"k":{"k":{"k":{"k":{"k":{"k":{"k":{"k":{"k":{"k":{"k":{"k":{"k":{"k":{"k":{"k":{"k":{"k":{"k":{"k":{"k":{"k":{"k":{"k":{"k":{"k":{"k":{"k":{"k":{"k":{"k":{"k":{"k":{"k":{"k":{"k":{"k":{"k":{"k":{"k":{"k":{"k":{"k":{"k":{"k":{"k":{"k":{"k":{"k":{"k":{"k":{"k":{"k":{"k":{"k":{"k":{"k":{"k":{"k":{"k":{"k":{"k":{"k":{"k":{"k":{"k":{"k":{"k":{"k":{"k":{"k":{"k":{"k":{"k":{"k":{"k":{"k":{"k":{"k":{"k":{"k":{"k":{"k":{"k":{"k":{"k":{"k":{"k":{"k":{"k":{"k":{"k":{"k":{"k":{"k":{"k":{"k":{"k":{"k":{"k":{"k":{"k":{"k":{"k":{"k":{"k":{"k":{"k":{"k":{"k":{"k":{"k":{"k":{"k":{"k":{"k":{"k":{"k":{"k":{"k":{"k":{"k":{"k":{"k":{"k":{"k":{"k":{"k":{"k":{"k":{"k":{"k":{"k":{"k":{"k":{"k":{"k":{"k":{"k":{"k":{"k":{"k":{"k":{"k":{"k":{"k":{"k":{"k":{"k":{"k":{"k":{"k":{"k":{"k":{"k":{"k":{"k":{"k":{"k":{"k":{"k":{"k":{"k":{"k":{"k":{"k":{"k":{"k":{"k":{"k":{"k":{"k":{"k":{"k":{"k":{"k":{"k":{"k":{"k":{"k":{"k":{"k":{"k":{"k":{"k":{"k":{"k":{"k":{"k":{"k":{"k":{"k":{"k":{"k":{"k":{"k":{"k":{"k":{"k":{"k":{"k":{"k":{"k":{"k":{"k":{"k":{"k":{"k":{"k":{"k":{"k":{"k":{"k":{"k":{"k":{"k":{"k":{"k":{"k":{"k":{"k":{"k":{"k":{"k":{"k":{"k":{"k":{"k":{"k":{"k":{"k":{"k":{"k":{"k":{"k":{"k":{"k":{"k":{"k":{"k":{"k":{"k":{"k":{"k":{"k":{"k":{"k":{"k":{"k":{"k":{"k":{"k":{"k":{"k":{"k":{"k":{"k":{"k":{"k":{"k":{"k":{"k":{"k":{"k":{"k":{"k":{"k":{"k":{"k":{"k":{"k":{"k":{"k":{"k":{"k":{"k":{"k":{"k":{"k":{"k":{"k":{"k":{"k":{"k":{"k":{"k":{"k":{"k":{"k":{"k":{"k":{"k":{"k":{"k":{"k":{"k":{"k":{"k":{"k":{"k":{"k":{"k":{"k":{"k":{"k":{"k":{"k":{"k":{"k":{"k":{"k":{"k":{"k":{"k":{"k":{"k":{"k":{"k":{"k":{"k":{"k":{"k":{"k":{"k":{"k":{"k":{"k":{"k":{"k":{"k":{"k":{"k":{"k":{"k":{"k":{"k":{"k":{"k":{"k":{"k":{"k":{"k":{"k":{"k":{"k":{"k":{"k":{"k":{"k":{"k":{"k":{"k":{"k":{"k":{"k":{"k":{"k":{"k":{"k":{"k":{"k":{"k":{"k":{"k":{"k":{"k":{"k":{"k":{"k":{"k":{"k":{"k":{"k":{"k":{"k":{"k":{"k":{"k":{"k":{"k":{"k":{"k":{"k":{"k":{"k":{"k":{"k":{"k":{"k":{"k":{"k":{"k":{"k":{"k":{"k":{"k":{"k":{"k":{"k":{"k":{"k":{"k":{"k":{"k":{"k":{"k":{"k":{"k":{"k":{"k":{"k":{"k":{"k":{"k":{"k":{"k":{"k":{"k":{"k":{"k":{"k":{"k":{"k":{"k":{"k":{"k":{"k":{"k":{"k":{"k":{"k":{"k":{"k":{"k":{"k":{"k":{"k":{"k":{"k":{"k":{"k":{"k":{"k":{"k":{"k":{"k":{"k":{"k":{"k":{"k":{"k":{"k":{"k":{"k":{"k":{"k":{"k":{"k":{"k":{"k":{"k":{"k":{"k":{"k":{"k":{"k":{"k":{"k":{"k":{"k":{"k":{"k":{"k":{"k":{"k":{"k":{"k":{"k":{"k":{"k":{"k":{"k":{"k":{"k":{"k":{"k":{"k":{"k":{"k":{"k":{"k":{"k":{"k":{"k":{"k":{"k":{"k":{"k":{"k":{"k":{"k":{"k":{"k":{"k":{"k":{"k":{"k":{"k":{"k":{"k":{"k":{"k":{"k":{"k":{"k":{"k":{"k":{"k":{"k":{"k":{"k":{"k":{"k":{"k":{"k":{"k":{"k":{"k":{"k":{"k":{"k":{"k":{"k":{"k":{"k":{"k":{"k":{"k":{"k":{"k":{"k":{"k":{"k":{"k":{"k":{"k":{"k":{"k":{"k":{"k":{"k":{"k":{"k":{"k":{"k":{"k":{"k":{"k":{"k":{"k":{"k":{"k":{"k":{"k":{"k":{"k":{"k":{"k":{"k":{"k":{"k":{"k":{"k":{"k":{"k":{"k":{"k":{"k":{"k":{"k":{"k":{"k":{"k":{"k":{"k":{"k":{"k":{"k":{"k":{"k":{"k":{"k":{"k":{"k":{"k":{"k":{"k":{"k":{"k":{"k":{"k":{"k":{"k":{"k":{"k":{"k":{"k":{"k":{"k":{"k":{"k":{"k":{"k":{"k":{"k":{"k":{"k":{"k":{"k":{"k":{"k":{"k":{"k":{"k":{"k":{"k":{"k":{"k":{"k":{"k":{"k":{"k":{"k":{"k":{"k":{"k":{"k":{"k":{"k":{"k":{"k":{"k":{"k":{"k":{"k":{"k":{"k":{"k":{"k":{"k":{"k":{"k":{"k":{"k":{"k":{"k":{"k":{"k":{"k":{"k":{"k":{"k":{"k":{"k":{"k":{"k":{"k":{"k":{"k":{"k":{"k":{"k":{"k":{"k":{"k":{"k":{"k":{"k":{"k":{"k":{"k":{"k":{"k":{"k":{"k":{"k":{"k":{"k":{"k":{"k":{"k":{"k":{"k":{"k":{"k":{"k":{"k":{"k":{"k":{"k":{"k":{"k":{"k":{"k":{"k":{"k":{"k":{"k":{"k":{"k":{"k":{"k":{"k":{"k":{"k":{"k":{"k":{"k":{"k":{"k":{"k":{"k":{"k":{"k":{"k":{"k":{"k":{"k":{"k":{"k":{"k":{"k":{"k":{"k":{"k":{"k":{"k":{"k":{"k":{"k":{"k":{"k":{"k":{"k":{"k":{"k":{"k":{"k":{"k":{"k":{"k":{"k":{"k":{"k":{"k":{"k":{"k":{"k":{"k":{"k":{"k":{"k":{"k":{"k":{"k":{"k":{"k":{"k":{"k":{"k":{"k":{"k":{"k":{"k":{"k":{"k":{"k":{"k":{"k":{"k":{"k":{"k":{"k":{"k":{"k":{"k":{"k":{"k":{"k":{"k":{"k":{"k":{"k":{"k":{"k":{"k":{"k":{"k":{"k":{"k":{"k":{"k":{"k":{"k":{"k":{"k":{"k":{"k":{"k":{"k":{"k":{"k":{"k":{"k":{"k":{"k":{"k":{"k":{"k":{"k":{"k":{"k":{"k":{"k":{"k":{"k":{"k":{"k":{"k":{"k":{"k":{"k":{"k":{"k":{"k":{"k":{"k":{"k":{"k":{"k":{"k":{"k":{"k":{"k":{"k":{"k":{"k":{"k":{"k":{"k":{"k":{"k":{"k":{"k":{"k":{"k":{"k":{"k":{"k":{"k":{"k":{"k":{"k":{"k":{"k":{"k":{"k":{"k":{"k":{"k":{"k":{"k":{"k":{"k":{"k":{"k":{"k":{"k":{"k":{"k":{"k":{"k":{"k":{"k":{"k":{"k":{"k":{"k":{"k":{"k":{"k":{"k":{"k":{"k":{"k":{"k":{"k":{"k":{"k":{"k":{"k":{"k":{"k":{"k":{"k":{"k":{"k":{"k":{"k":{"k":{"k":{"k":{"k":{"k":{"k":{"k":{"k":{"k":{"k":{"k":{"k":{"k":{"k":{"k":{"k":{"k":{"k":{"k":{"k":{"k":{"k":{"k":{"k":{"k":{"k":{"k":{"k":{"k":{"k":{"k":{"k":{"k":{"k":{"k":{"k":{"k":{"k":{"k":{"k":{"k":{"k":{"k":{"k":{"k":{"k":{"k":{"k":{"k":{"k":{"k":{"k":{"k":{"k":{"k":{"k":{"k":{"k":{"k":{"k":{"k":{"k":{"k":{"k":{"k":{"k":{"k":{"k":{"k":{"k":{"k":{"k":{"k":{"k":{"k":{"k":{"k":{"k":{"k":{"k":{"k":{"k":{"k":{"k":{"k":{"k":{"k":{"k":{"k":{"k":{"k":{"k":{"k":{"k":{"k":{"k":{"k":{"k":{"k":{"k":{"k":{"k":{"k":{"k":{"k":{"k":{"k":{"k":{"k":{"k":{"k":{"k":{"k":{"k":{"k":{"k":{"k":{"k":{"k":{"k":{"k":{"k":{"k":{"k":{"k":{"k":{"k":{"k":{"k":{"k":{"k":{"k":{"k":{"k":{"k":{"k":{"k":{"k":{"k":{"k":{"k":{"k":{"k":{"k":{"k":{"k":{"k":{"k":{"k":{"k":{"k":{"k":{"k":{"k":{"k":{"k":{"k":{"k":{"k":{"k":{"k":{"k":{"k":{"k":{"k":{"k":{"k":{"k":{"k":{"k":{"k":{"k":{"k":{"k":{"k":{"k":{"k":{"k":{"k":{"k":{"k":{"k":{"k":{"k":{"k":{"k":{"k":{"k":{"k":{"k":{"k":{"k":{"k":{"k":{"k":{"k":{"k":{"k":{"k":{"k":{"k":{"k":{"k":{"k":{"k":{"k":{"k":{"k":{"k":{"k":{"k":{"k":{"k":{"k":{"k":{"k":{"k":{"k":{"k":{"k":{"k":{"k":{"k":{"k":{"k":{"k":{"k":{"k":{"k":{"k":{"k":{"k":{"k":{"k":{"k":{"k":{"k":{"k":{"k":{"k":{"k":{"k":{"k":{"k":{"k":{"k":{"k":{"k":{"k":{"k":{"k":{"k":{"k":{"k":{"k":{"k":{"k":{"k":{"k":{"k":{"k":{"k":{"k":{"k":{"k":{"k":{"k":{"k":{"k":{"k":{"k":{"k":{"k":{"k":{"k":{"k":{"k":{"k":{"k":{"k":{"k":{"k":{"k":{"k":{"k":{"k":{"k":{"k":{"k":{"k":{"k":{"k":{"k":{"k":{"k":{"k":{"k":{"k":{"k":{"k":{"k":{"k":{"k":{"k":{"k":{"k":{"k":{"k":{"k":{"k":{"k":{"k":{"k":{"k":{"k":{"k":{"k":{"k":{"k":{"k":{"k":{"k":{"k":{"k":{"k":{"k":{"k":{"k":{"k":{"k":{"k":{"k":{"k":{"k":{"k":{"k":{"k":{"k":{"k":{"k":{"k":{"k":{"k":{"k":{"k":{"k":{"k":{"k":{"k":{"k":{"k":{"k":{"k":{"k":{"k":{"k":{"k":{"k":{"k":{"k":{"k":{"k":{"k":{"k":{"k":{"k":{"k":{"k":{"k":{"k":{"k":{"k":{"k":{"k":{"k":{"k":{"k":{"k":{"k":{"k":{"k":{"k":{"k":{"k":{"k":{"k":{"k":{"k":{"k":{"k":{"k":{"k":{"k":{"k":{"k":{"k":{"k":{"k":{"k":{"k":{"k":{"k":{"k":{"k":{"k":{"k":{"k":{"k":{"k":{"k":{"k":{"k":{"k":{"k":{"k":{"k":{"k":{"k":{"k":{"k":{"k":{"k":{"k":{"k":{"k":{"k":{"k":{"k":{"k":{"k":{"k":{"k":{"k":{"k":{"k":{"k":{"k":{"k":{"k":{"k":{"k":{"k":{"k":{"k":{"k":{"k":{"k":{"k":{"k":{"k":{"k":{"k":{"k":{"k":{"k":{"k":{"k":{"k":{"k":{"k":{"k":{"k":{"k":{"k":{"k":{"k":{"k":{"k":{"k":{"k":{"k":{"k":{"k":{"k":{"k":{"k":{"k":{"k":{"k":{"k":{"k":{"k":{"k":{"k":{"k":{"k":{"k":{"k":{"k":{"k":{"k":{"k":{"k":{"k":{"k":{"k":{"k":{"k":{"k":{"k":{"k":{"k":{"k":{"k":{"k":{"k":{"k":{"k":{"k":{"k":{"k":{"k":{"k":{"k":{"k":{"k":{"k":{"k":{"k":{"k":{"k":{"k":{"k":{"k":{"k":{"k":{"k":{"k":{"k":{"k":{"k":{"k":{"k":{"k":{"k":{"k":{"k":{"k":{"k":{"k":{"k":{"k":{"k":{"k":{"k":{"k":{"k":{"k":{"k":{"k":{"k":{"k":{"k":{"k":{"k":{"k":{"k":{"k":{"k":{"k":{"k":{"k":{"k":{"k":{"k":{"k":{"k":{"k":{"k":{"k":{"k":{"k":{"k":{"k":{"k":{"k":{"k":{"k":{"k":{"k":{"k":{"k":{"k":{"k":{"k":{"k":{"k":{"k":{"k":{"k":{"k":{"k":{"k":{"k":{"k":{"k":{"k":{"k":{"k":{"k":{"k":{"k":{"k":{"k":{"k":{"k":{"k":{"k":{"k":{"k":{"k":{"k":{"k":{"k":{"k":{"k":{"k":{"k":{"k":{"k":{"k":{"k":{"k":{"k":{"k":{"k":{"k":{"k":{"k":{"k":{"k":{"k":{"k":{"k":{"k":{"k":{"k":{"k":{"k":{"k":{"k":{"k":{"k":{"k":{"k":{"k":{"k":{"k":{"k":{"k":{"k":{"k":{"k":{"k":{"k":{"k":{"k":{"k":{"k":{"k":{"k":{"k":{"k":{"k":{"k":{"k":{"k":{"k":{"k":{"k":{"k":{"k":{"k":{"k":{"k":{"k":{"k":{"k":{"k":{"k":{"k":{"k":{"k":{"k":{"k":{"k":{"k":{"k":{"k":{"k":{"k":{"k":{"k":{"k":{"k":{"k":{"k":{"k":{"k":{"k":{"k":{"k":{"k":{"k":{"k":{"k":{"k":{"k":{"k":{"k":{"k":{"k":{"k":{"k":{"k":{"k":{"k":{"k":{"k":{"k":{"k":{"k":{"k":{"k":{"k":{"k":{"k":{"k":{"k":{"k":{"k":{"k":{"k":{"k":{"k":{"k":{"k":{"k":{"k":{"k":{"k":{"k":{"k":{"k":{"k":{"k":{"k":{"k":{"k":{"k":{"k":{"k":{"k":{"k":{"k":{"k":{"k":{"k":{"k":{"k":{"k":{"k":{"k":{"k":{"k":{"k":{"k":{"k":{"k":{"k":{"k":{"k":{"k":{"k":{"k":{"k":{"k":{"k":{"k":{"k":{"k":{"k":{"k":{"k":{"k":{"k":{"k":{"k":{"k":{"k":{"k":{"k":{"k":{"k":{"k":{"k":{"k":{"k":{"k":{"k":{"k":{"k":{"k":{"k":{"k":{"k":{"k":{"k":{"k":{"k":{"k":{"k":{"k":{"k":{"k":{"k":{"k":{"k":{"k":{"k":{"k":{"k":{"k":{"k":{"k":{"k":{"k":{"k":{"k":{"k":{"k":{"k":{"k":{"k":{"k":{"k":{"k":{"k":{"k":{"k":{"k":{"k":{"k":{"k":{"k":{"k":{"k":{"k":{"k":{"k":{"k":{"k":{"k":{"k":{"k":{"k":{"k":{"k":{"k":{"k":{"k":{"k":{"k":{"k":{"k":{"k":{"k":{"k":{"k":{"k":{"k":{"k":{"k":{"k":{"k":{"k":{"k":{"k":{"k":{"k":{"k":{"k":{"k":{"k":{"k":{"k":{"k":{"k":{"k":{"k":{"k":{"k":{"k":{"k":{"k":{"k":{"k":{"k":{"k":{"k":{"k":{"k":{"k":{"k":{"k":{"k":{"k":{"k":{"k":{"k":{"k":{"k":{"k":{"k":{"k":{"k":{"k":{"k":{"k":{"k":{"k":{"k":{"k":{"k":{"k":{"k":{"k":{"k":{"k":{"k":{"k":{"k":{"k":{"k":{"k":{"k":{"k":{"k":{"k":{"k":{"k":{"k":{"k":{"k":{"k":{"k":{"k":{"k":{"k":{"k":{"k":{"k":{"k":{"k":{"k":{"k":{"k":{"k":{"k":{"k":{"k":{"k":{"k":{"k":{"k":{"k":{"k":{"k":{"k":{"k":{"k":{"k":{"k":{"k":{"k":{"k":{"k":{"k":{"k":{"k":{"k":{"k":{"k":{"k":{"k":{"k":{"k":{"k":{"k":{"k":{"k":{"k":{"k":{"k":{"k":{"k":{"k":{"k":{"k":{"k":{"k":{"k":{"k":{"k":{"k":{"k":{"k":{"k":{"k":{"k":{"k":{"k":{"k":{"k":{"k":{"k":{"k":{"k":{"k":{"k":{"k":{"k":{"k":{"k":{"k":{"k":{"k":{"k":{"k":{"k":{"k":{"k":{"k":{"k":{"k":{"k":{"k":{"k":{"k":{"k":{"k":{"k":{"k":{"k":{"k":{"k":{"k":{"k":{"k":{"k":{"k":{"k":{"k":{"k":{"k":{"k":{"k":{"k":{"k":{"k":{"k":{"k":{"k":{"k":{"k":{"k":{"k":{"k":{"k":{"k":{"k":{"k":{"k":{"k":{"k":{"k":{"k":{"k":{"k":{"k":{"k":{"k":{"k":{"k":{"k":{"k":{"k":{"k":{"k":{"k":{"k":{"k":{"k":{"k":{"k":{"k":{"k":{"k":{"k":{"k":{"k":{"k":{"k":{"k":{"k":{"k":{"k":{"k":{"k":{"k":{"k":{"k":{"k":{"k":{"k":{"k":{"k":{"k":{"k":{"k":{"k":{"k":{"k":{"k":{"k":{"k":{"k":{"k":{"k":{"k":{"k":{"k":{"k":{"k":{"k":{"k":{"k":{"k":{"k":{"k":{"k":{"k":{"k":{"k":{"k":{"k":{"k":{"k":{"k":{"k":{"k":{"k":{"k":{"k":{"k":{"k":{"k":{"k":{"k":{"k":{"k":{"k":{"k":{"k":{"k":{"k":{"k":{"k":{"k":{"k":{"k":{"k":{"k":{"k":{"k":{"k":{"k":{"k":{"k":{"k":{"k":{"k":{"k":{"k":{"k":{"k":{"k":{"k":{"k":{"k":{"k":{"k":{"k":{"k":{"k":{"k":{"k":{"k":{"k":{"k":{"k":{"k":{"k":{"k":{"k":{"k":{"k":{"k":{"k":{"k":{"k":{"k":{"k":{"k":{"k":{"k":{"k":{"k":{"k":{"k":{"k":{"k":{"k":{"k":{"k":{"k":{"k":{"k":{"k":{"k":{"k":{"k":{"k":{"k":{"k":{"k":{"k":{"k":{"k":{"k":{"k":{"k":{"k":{"k":{"k":{"k":{"k":{"k":{"k":{"k":{"k":{"k":{"k":{"k":{"k":{"k":{"k":{"k":{"k":{"k":{"k":{"k":{"k":{"k":{"k":{"k":{"k":{"k":{"k":{"k":{"k":{"k":{"k":{"k":{"k":{"k":{"k":{"k":{"k":{"k":{"k":{"k":{"k":{"k":{"k":{"k":{"k":{"k":{"k":{"k":{"k":{"k":{"k":{"k":{"k":{"k":{"k":{"k":{"k":{"k":{"k":{"k":{"k":{"k":{"k":{"k":{"k":{"k":{"k":{"k":{"k":{"k":{"k":{"k":{"k":{"k":{"k":{"k":{"k":{"k":{"k":{"k":{"k":{"k":{"k":{"k":{"k":{"k":{"k":{"k":{"k":{"k":{"k":{"k":{"k":{"k":{"k":{"k":{"k":{"k":{"k":{"k":{"k":{"k":{"k":{"k":{"k":{"k":{"k":{"k":{"k":{"k":{"k":{"k":{"k":{"k":{"k":{"k":{"k":{"k":{"k":{"k":{"k":{"k":{"k":{"k":{"k":{"k":{"k":{"k":{"k":{"k":{"k":{"k":{"k":{"k":{"k":{"k":{"k":{"k":{"k":{"k":{"k":{"k":{"k":{"k":{"k":{"k":{"k":{"k":{"k":{"k":{"k":{"k":{"k":{"k":{"k":{"k":{"k":{"k":{"k":{"k":{"k":{"k":{"k":{"k":{"k":{"k":{"k":{"k":{"k":{"k":{"k":{"k":{"k":{"k":{"k":{"k":{"k":{"k":{"k":{"k":{"k":{"k":{"k":{"k":{"k":{"k":{"k":{"k":{"k":{"k":{"k":{"k":{"k":{"k":{"k":{"k":{"k":{"k":{"k":{"k":{"k":{"k":{"k":{"k":{"k":{"k":{"k":{"k":{"k":{"k":{"k":{"k":{"k":{"k":{"k":{"k":{"k":{"k":{"k":{"k":{"k":{"k":{"k":{"k":{"k":{"k":{"k":{"k":{"k":{"k":{"k":{"k":{"k":{"k":{"k":{"k":{"k":{"k":{"k":{"k":{"k":{"k":{"k":{"k":{"k":{"k":{"k":{"k":{"k":{"k":{"k":{"k":{"k":{"k":{"k":{"k":{"k":{"k":{"k":{"k":{"k":{"k":{"k":{"k":{"k":{"k":{"k":{"k":{"k":{"k":{"k":{"k":{"k":{"k":{"k":{"k":{"k":{"k":{"k":{"k":{"k":{"k":{"k":{"k":{"k":{"k":{"k":{"k":{"k":{"k":{"k":{"k":{"k":{"k":{"k":{"k":{"k":{"k":{"k":{"k":{"k":{"k":{"k":{"k":{"k":{"k":{"k":{"k":{"k":{"k":{"k":{"k":{"k":{"k":{"k":{"k":{"k":{"k":{"k":{"k":{"k":{"k":{"k":{"k":{"k":{"k":{"k":{"k":{"k":{"k":{"k":{"k":{"k":{"k":{"k":{"k":{"k":{"k":{"k":{"k":{"k":{"k":{"k":{"k":{"k":{"k":{"k":{"k":{"k":{"k":{"k":{"k":{"k":{"k":{"k":{"k":{"k":{"k":{"k":{"k":{"k":{"k":{"k":{"k":{"k":{"k":{"k":{"k":{"k":{"k":{"k":{"k":{"k":{"k":{"k":{"k":{"k":{"k":{"k":{"k":{"k":{"k":{"k":{"k":{"k":{"k":{"k":{"k":{"k":{"k":{"k":{"k":{"k":{"k":{"k":{"k":{"k":{"k":{"k":{"k":{"k":{"k":{"k":{"k":{"k":{"k":{"k":{"k":{"k":{"k":{"k":{"k":{"k":{"k":{"k":{"k":{"k":{"k":{"k":{"k":{"k":{"k":{"k":{"k":{"k":{"k":{"k":{"k":{"k":{"k":{"k":{"k":{"k":{"k":{"k":{"k":{"k":{"k":{"k":{"k":{"k":{"k":{"k":{"k":{"k":{"k":{"k":{"k":{"k":{"k":{"k":{"k":{"k":{"k":{"k":{"k":{"k":{"k":{"k":{"k":{"k":{"k":{"k":{"k":{"k":{"k":{"k":{"k":{"k":{"k":{"k":{"k":{"k":{"k":{"k":{"k":{"k":{"k":{"k":{"k":{"k":{"k":{"k":{"k":{"k":{"k":{"k":{"k":{"k":{"k":{"k":{"k":{"k":{"k":{"k":{"k":{"k":{"k":{"k":{"k":{"k":{"k":{"k":{"k":{"k":{"k":{"k":{"k":{"k":{"k":{"k":{"k":{"k":{"k":{"k":{"k":{"k":{"k":{"k":{"k":{"k":{"k":{"k":{"k":{"k":{"k":{"k":{"k":{"k":{"k":{"k":{"k":{"k":{"k":{"k":{"k":{"k":{"k":{"k":{"k":{"k":{"k":{"k":{"k":{"k":{"k":{"k":{"k":{"k":{"k":{"k":{"k":{"k":{"k":{"k":{"k":{"k":{"k":{"k":{"k":{"k":{"k":{"k":{"k":{"k":{"k":{"k":{"k":{"k":{"k":{"k":{"k":{"k":{"k":{"k":{"k":{"k":{"k":{"k":{"k":{"k":{"k":{"k":{"k":{"k":{"k":{"k":{"k":{"k":{"k":{"k":{"k":{"k":{"k":{"k":{"k":{"k":{"k":{"k":{"k":{"k":{"k":{"k":{"k":{"k":{"k":{"k":{"k":{"k":{"k":{"k":{"k":{"k":{"k":{"k":{"k":{"k":{"k":{"k":{"k":{"k":{"k":{"k":{"k":{"k":{"k":{"k":{"k":{"k":{"k":{"k":{"k":{"k":{"k":{"k":{"k":{"k":{"k":{"k":{"k":{"k":{"k":{"k":{"k":{"k":{"k":{"k":{"k":{"k":{"k":{"k":{"k":{"k":{"k":{"k":{"k":{"k":{"k":{"k":{"k":{"k":{"k":{"k":{"k":{"k":{"k":{"k":{"k":{"k":{"k":{"k":{"k":{"k":{"k":{"k":{"k":{"k":{"k":{"k":{"k":{"k":{"k":{"k":{"k":{"k":{"k":{"k":{"k":{"k":{"k":{"k":{"k":{"k":{"k":{"k":{"k":{"k":{"k":{"k":{"k":{"k":{"k":{"k":{"k":{"k":{"k":{"k":{"k":{"k":{"k":{"k":{"k":{"k":{"k":{"k":{"k":{"k":{"k":{"k":{"k":{"k":{"k":{"k":{"k":{"k":{"k":{"k":{"k":{"k":{"k":{"k":{"k":{"k":{"k":{"k":{"k":{"k":{"k":{"k":{"k":{"k":{"k":{"k":{"k":{"k":{"k":{"k":{"k":{"k":{"k":{"k":{"k":{"k":{"k":{"k":{"k":{"k":{"k":{"k":{"k":{"k":{"k":{"k":{"k":{"k":{"k":{"k":{"k":{"k":{"k":{"k":{"k":{"k":{"k":{"k":{"k":{"k":{"k":{"k":{"k":{"k":{"k":{"k":{"k":{"k":{"k":{"k":{"k":{"k":{"k":{"k":{"k":{"k":{"k":{"k":{"k":{"k":{"k":{"k":{"k":{"k":{"k":{"k":{"k":{"k":{"k":{"k":{"k":{"k":{"k":{"k":{"k":{"k":{"k":{"k":{"k":{"k":{"k":{"k":{"k":{"k":{"k":{"k":{"k":{"k":{"k":{"k":{"k":{"k":{"k":{"k":{"k":{"k":{"k":{"k":{"k":{"k":{"k":{"k":{"k":{"k":{"k":{"k":{"k":{"k":{"k":{"k":{"k":{"k":{"k":{"k":{"k":{"k":{"k":{"k":{"k":{"k":{"k":{"k":{"k":{"k":{"k":{"k":{"k":{"k":{"k":{"k":{"k":{"k":{"k":{"k":{"k":{"k":{"k":{"k":{"k":{"k":{"k":{"k":{"k":{"k":{"k":{"k":{"k":{"k":{"k":{"k":{"k":{"k":{"k":{"k":{"k":{"k":{"k":{"k":{"k":{"k":{"k":{"k":{"k":{"k":{"k":{"k":{"k":{"k":{"k":{"k":{"k":{"k":{"k":{"k":{"k":{"k":{"k":{"k":{"k":{"k":{"k":{"k":{"k":{"k":{"k":{"k":{"k":{"k":{"k":{"k":{"k":{"k":{"k":{"k":{"k":{"k":{"k":{"k":{"k":{"k":{"k":{"k":{"k":{"k":{"k":{"k":{"k":{"k":{"k":{"k":{"k":{"k":{"k":{"k":{"k":{"k":{"k":{"k":{"k":{"k":{"k":{"k":{"k":{"k":{"k":{"k":{"k":{"k":{"k":{"k":{"k":{"k":{"k":{"k":{"k":{"k":{"k":{"k":{"k":{"k":{"k":{"k":{"k":{"k":{"k":{"k":{"k":{"k":{"k":{"k":{"k":{"k":{"k":{"k":{"k":{"k":{"k":{"k":{"k":{"k":{"k":{"k":{"k":{"k":{"k":{"k":{"k":{"k":{"k":{"k":{"k":{"k":{"k":{"k":{"k":{"k":{"k":{"k":{"k":{"k":{"k":{"k":{"k":{"k":{"k":{"k":{"k":{"k":{"k":{"k":{"k":{"k":{"k":{"k":{"k":{"k":{"k":{"k":{"k":{"k":{"k":{"k":{"k":{"k":{"k":{"k":{"k":{"k":{"k":{"k":{"k":{"k":{"k":{"k":{"k":{"k":{"k":{"k":{"k":{"k":{"k":{"k":{"k":{"k":{"k":{"k":{"k":{"k":{"k":{"k":{"k":{"k":{"k":{"k":{"k":{"k":{"k":{"k":{"k":{"k":{"k":{"k":{"k":{"k":{"k":{"k":{"k":{"k":{"k":{"k":{"k":{"k":{"k":{"k":{"k":{"k":{"k":{"k":{"k":{"k":{"k":{"k":{"k":{"k":{"k":{"k":{"k":{"k":{"k":{"k":{"k":{"k":{"k":{"k":{"k":{"k":{"k":{"k":{"k":{"k":{"k":{"k":{"k":{"k":{"k":{"k":{"k":{"k":{"k":{"k":{"k":{"k":{"k":{"k":{"k":{"k":{"k":{"k":{"k":{"k":{"k":{"k":{"k":{"k":{"k":{"k":{"k":{"k":{"k":{"k":{"k":{"k":{"k":{"k":{"k":{"k":{"k":{"k":{"k":{"k":{"k":{"k":{"k":{"k":{"k":{"k":{"k":{"k":{"k":{"k":{"k":{"k":{"k":{"k":{"k":{"k":{"k":{"k":{"k":{"k":{"k":{"k":{"k":{"k":{"k":{"k":{"k":{"k":{"k":{"k":{"k":{"k":{"k":{"k":{"k":{"k":{"k":{"k":{"k":{"k":{"k":{"k":{"k":{"k":{"k":{"k":{"k":{"k":{"k":{"k":{"k":{"k":{"k":{"k":{"k":{"k":{"k":{"k":{"k":{"k":{"k":{"k":{"k":{"k":{"k":{"k":{"k":{"k":{"k":{"k":{"k":{"k":{"k":{"k":{"k":{"k":{"k":{"k":{"k":{"k":{"k":{"k":{"k":{"k":{"k":{"k":{"k":{"k":{"k":{"k":{"k":{"k":{"k":{"k":{"k":{"k":{"k":{"k":{"k":{"k":{"k":{"k":{"k":{"k":{"k":{"k":{"k":{"k":{"k":{"k":{"k":{"k":{"k":{"k":{"k":{"k":{"k":{"k":{"k":{"k":{"k":{"k":{"k":{"k":{"k":{"k":{"k":{"k":{"k":{"k":{"k":{"k":{"k":{"k":{"k":{"k":{"k":{"k":{"k":{"k":{"k":{"k":{"k":{"k":{"k":{"k":{"k":{"k":{"k":{"k":{"k":{"k":{"k":{"k":{"k":{"k":{"k":{"k":{"k":{"k":{"k":{"k":{"k":{"k":{"k":{"k":{"k":{"k":{"k":{"k":{"k":{"k":{"k":{"k":{"k":{"k":{"k":{"k":{"k":{"k":{"k":{"k":{"k":{"k":{"k":{"k":{"k":{"k":{"k":{"k":{"k":{"k":{"k":{"k":{"k":{"k":{"k":{"k":{"k":{"k":{"k":{"k":{"k":{"k":{"k":{"k":{"k":{"k":{"k":{"k":{"k":{"k":{"k":{"k":{"k":{"k":{"k":{"k":{"k":{"k":{"k":{"k":{"k":{"k":{"k":{"k":{"k":{"k":{"k":{"k":{"k":{"k":{"k":{"k":{"k":{"k":{"k":{"k":{"k":{"k":{"k":{"k":{"k":{"k":{"k":{"k":{"k":{"k":{"k":{"k":{"k":{"k":{"k":{"k":{"k":{"k":{"k":{"k":{"k":{"k":{"k":{"k":{"k":{"k":{"k":{"k":{"k":{"k":{"k":{"k":{"k":{"k":{"k":{"k":{"k":{"k":{"k":{"k":{"k":{"k":{"k":{"k":{"k":{"k":{"k":{"k":{"k":{"k":{"k":{"k":{"k":{"k":{"k":{"k":{"k":{"k":{"k":{"k":{"k":{"k":{"k":{"k":{"k":{"k":{"k":{"k":{"k":{"k":{"k":{"k":{"k":{"k":{"k":{"k":{"k":{"k":{"k":{"k":{"k":{"k":{"k":{"k":{"k":{"k":{"k":{"k":{"k":{"k":{"k":{"k":{"k":{"k":{"k":{"k":{"k":{"k":{"k":{"k":{"k":{"k":{"k":{"k":{"k":{"k":{"k":{"k":{"k":{"k":{"k":{"k":{"k":{"k":{"k":{"k":{"k":{"k":{"k":{"k":{"k":{"k":{"k":{"k":{"k":{"k":{"k":{"k":{"k":{"k":{"k":{"k":{"k":{"k":{"k":{"k":{"k":{"k":{"k":{"k":{"k":{"k":{"k":{"k":{"k":{"k":{"k":{"k":{"k":{"k":{"k":{"k":{"k":{"k":{"k":{"k":{"k":{"k":{"k":{"k":{"k":{"k":{"k":{"k":{"k":{"k":{"k":{"k":{"k":{"k":{"k":{"k":{"k":{"k":{"k":{"k":{"k":{"k":{"k":{"k":{"k":{"k":{"k":{"k":{"k":{"k":{"k":{"k":{"k":{"k":{"k":{"k":{"k":{"k":{"k":{"k":{"k":{"k":{"k":{"k":{"k":{"k":{"k":{"k":{"k":{"k":{"k":{"k":{"k":{"k":{"k":{"k":{"k":{"k":{"k":{"k":{"k":{"k":{"k":{"k":{"k":{"k":{"k":{"k":{"k":{"k":{"k":{"k":{"k":{"k":{"k":{"k":{"k":{"k":{"k":{"k":{"k":{"k":{"k":{"k":{"k":{"k":{"k":{"k":{"k":{"k":{"k":{"k":{"k":{"k":{"k":{"k":{"k":{"k":{"k":{"k":{"k":{"k":{"k":{"k":{"k":{"k":{"k":{"k":{"k":{"k":{"k":{"k":{"k":{"k":{"k":{"k":{"k":{"k":{"k":{"k":{"k":{"k":{"k":{"k":{"k":{"k":{"k":{"k":{"k":{"k":{"k":{"k":{"k":{"k":{"k":{"k":{"k":{"k":{"k":{"k":{"k":{"k":{"k":{"k":{"k":{"k":{"k":{"k":{"k":{"k":{"k":{"k":{"k":{"k":{"k":{"k":{"k":{"k":{"k":{"k":{"k":{"k":{"k":{"k":{"k":{"k":{"k":{"k":{"k":{"k":{"k":{"k":{"k":{"k":{"k":{"k":{"k":{"k":{"k":{"k":{"k":{"k":{"k":{"k":{"k":{"k":{"k":{"k":{"k":{"k":{"k":{"k":{"k":{"k":{"k":{"k":{"k":{"k":{"k":{"k":{"k":{"k":{"k":{"k":{"k":{"k":"cool"}}}}}}}}}}}}}}}}}}}}}}}}}}}}}}}}}}}}}}}}}}}}}}}}}}}}}}}}}}}}}}}}}}}}}}}}}}}}}}}}}}}}}}}}}}}}}}}}}}}}}}}}}}}}}}}}}}}}}}}}}}}}}}}}}}}}}}}}}}}}}}}}}}}}}}}}}}}}}}}}}}}}}}}}}}}}}}}}}}}}}}}}}}}}}}}}}}}}}}}}}}}}}}}}}}}}}}}}}}}}}}}}}}}}}}}}}}}}}}}}}}}}}}}}}}}}}}}}}}}}}}}}}}}}}}}}}}}}}}}}}}}}}}}}}}}}}}}}}}}}}}}}}}}}}}}}}}}}}}}}}}}}}}}}}}}}}}}}}}}}}}}}}}}}}}}}}}}}}}}}}}}}}}}}}}}}}}}}}}}}}}}}}}}}}}}}}}}}}}}}}}}}}}}}}}}}}}}}}}}}}}}}}}}}}}}}}}}}}}}}}}}}}}}}}}}}}}}}}}}}}}}}}}}}}}}}}}}}}}}}}}}}}}}}}}}}}}}}}}}}}}}}}}}}}}}}}}}}}}}}}}}}}}}}}}}}}}}}}}}}}}}}}}}}}}}}}}}}}}}}}}}}}}}}}}}}}}}}}}}}}}}}}}}}}}}}}}}}}}}}}}}}}}}}}}}}}}}}}}}}}}}}}}}}}}}}}}}}}}}}}}}}}}}}}}}}}}}}}}}}}}}}}}}}}}}}}}}}}}}}}}}}}}}}}}}}}}}}}}}}}}}}}}}}}}}}}}}}}}}}}}}}}}}}}}}}}}}}}}}}}}}}}}}}}}}}}}}}}}}}}}}}}}}}}}}}}}}}}}}}}}}}}}}}}}}}}}}}}}}}}}}}}}}}}}}}}}}}}}}}}}}}}}}}}}}}}}}}}}}}}}}}}}}}}}}}}}}}}}}}}}}}}}}}}}}}}}}}}}}}}}}}}}}}}}}}}}}}}}}}}}}}}}}}}}}}}}}}}}}}}}}}}}}}}}}}}}}}}}}}}}}}}}}}}}}}}}}}}}}}}}}}}}}}}}}}}}}}}}}}}}}}}}}}}}}}}}}}}}}}}}}}}}}}}}}}}}}}}}}}}}}}}}}}}}}}}}}}}}}}}}}}}}}}}}}}}}}}}}}}}}}}}}}}}}}}}}}}}}}}}}}}}}}}}}}}}}}}}}}}}}}}}}}}}}}}}}}}}}}}}}}}}}}}}}}}}}}}}}}}}}}}}}}}}}}}}}}}}}}}}}}}}}}}}}}}}}}}}}}}}}}}}}}}}}}}}}}}}}}}}}}}}}}}}}}}}}}}}}}}}}}}}}}}}}}}}}}}}}}}}}}}}}}}}}}}}}}}}}}}}}}}}}}}}}}}}}}}}}}}}}}}}}}}}}}}}}}}}}}}}}}}}}}}}}}}}}}}}}}}}}}}}}}}}}}}}}}}}}}}}}}}}}}}}}}}}}}}}}}}}}}}}}}}}}}}}}}}}}}}}}}}}}}}}}}}}}}}}}}}}}}}}}}}}}}}}}}}}}}}}}}}}}}}}}}}}}}}}}}}}}}}}}}}}}}}}}}}}}}}}}}}}}}}}}}}}}}}}}}}}}}}}}}}}}}}}}}}}}}}}}}}}}}}}}}}}}}}}}}}}}}}}}}}}}}}}}}}}}}}}}}}}}}}}}}}}}}}}}}}}}}}}}}}}}}}}}}}}}}}}}}}}}}}}}}}}}}}}}}}}}}}}}}}}}}}}}}}}}}}}}}}}}}}}}}}}}}}}}}}}}}}}}}}}}}}}}}}}}}}}}}}}}}}}}}}}}}}}}}}}}}}}}}}}}}}}}}}}}}}}}}}}}}}}}}}}}}}}}}}}}}}}}}}}}}}}}}}}}}}}}}}}}}}}}}}}}}}}}}}}}}}}}}}}}}}}}}}}}}}}}}}}}}}}}}}}}}}}}}}}}}}}}}}}}}}}}}}}}}}}}}}}}}}}}}}}}}}}}}}}}}}}}}}}}}}}}}}}}}}}}}}}}}}}}}}}}}}}}}}}}}}}}}}}}}}}}}}}}}}}}}}}}}}}}}}}}}}}}}}}}}}}}}}}}}}}}}}}}}}}}}}}}}}}}}}}}}}}}}}}}}}}}}}}}}}}}}}}}}}}}}}}}}}}}}}}}}}}}}}}}}}}}}}}}}}}}}}}}}}}}}}}}}}}}}}}}}}}}}}}}}}}}}}}}}}}}}}}}}}}}}}}}}}}}}}}}}}}}}}}}}}}}}}}}}}}}}}}}}}}}}}}}}}}}}}}}}}}}}}}}}}}}}}}}}}}}}}}}}}}}}}}}}}}}}}}}}}}}}}}}}}}}}}}}}}}}}}}}}}}}}}}}}}}}}}}}}}}}}}}}}}}}}}}}}}}}}}}}}}}}}}}}}}}}}}}}}}}}}}}}}}}}}}}}}}}}}}}}}}}}}}}}}}}}}}}}}}}}}}}}}}}}}}}}}}}}}}}}}}}}}}}}}}}}}}}}}}}}}}}}}}}}}}}}}}}}}}}}}}}}}}}}}}}}}}}}}}}}}}}}}}}}}}}}}}}}}}}}}}}}}}}}}}}}}}}}}}}}}}}}}}}}}}}}}}}}}}}}}}}}}}}}}}}}}}}}}}}}}}}}}}}}}}}}}}}}}}}}}}}}}}}}}}}}}}}}}}}}}}}}}}}}}}}}}}}}}}}}}}}}}}}}}}}}}}}}}}}}}}}}}}}}}}}}}}}}}}}}}}}}}}}}}}}}}}}}}}}}}}}}}}}}}}}}}}}}}}}}}}}}}}}}}}}}}}}}}}}}}}}}}}}}}}}}}}}}}}}}}}}}}}}}}}}}}}}}}}}}}}}}}}}}}}}}}}}}}}}}}}}}}}}}}}}}}}}}}}}}}}}}}}}}}}}}}}}}}}}}}}}}}}}}}}}}}}}}}}}}}}}}}}}}}}}}}}}}}}}}}}}}}}}}}}}}}}}}}}}}}}}}}}}}}}}}}}}}}}}}}}}}}}}}}}}}}}}}}}}}}}}}}}}}}}}}}}}}}}}}}}}}}}}}}}}}}}}}}}}}}}}}}}}}}}}}}}}}}}}}}}}}}}}}}}}}}}}}}}}}}}}}}}}}}}}}}}}}}}}}}}}}}}}}}}}}}}}}}}}}}}}}}}}}}}}}}}}}}}}}}}}}}}}}}}}}}}}}}}}}}}}}}}}}}}}}}}}}}}}}}}}}}}}}}}}}}}}}}}}}}}}}}}}}}}}}}}}}}}}}}}}}}}}}}}}}}}}}}}}}}}}}}}}}}}}}}}}}}}}}}}}}}}}}}}}}}}}}}}}}}}}}}}}}}}}}}}}}}}}}}}}}}}}}}}}}}}}}}}}}}}}}}}}}}}}}}}}}}}}}}}}}}}}}}}}}}}}}}}}}}}}}}}}}}}}}}}}}}}}}}}}}}}}}}}}}}}}}}}}}}}}}}}}}}}}}}}}}}}}}}}}}}}}}}}}}}}}}}}}}}}}}}}}}}}}}}}}}}}}}}}}}}}}}}}}}}}}}}}}}}}}}}}}}}}}}}}}}}}}}}}}}}}}}}}}}}}}}}}}}}}}}}}}}}}}}}}}}}}}}}}}}}}}}}}}}}}}}}}}}}}}}}}}}}}}}}}}}}}}}}}}}}}}}}}}}}}}}}}}}}}}}}}}}}}}}}}}}}}}}}}}}}}}}}}}}}}}}}}}}}}}}}}}}}}}}}}}}}}}}}}}}}}}}}}}}}}}}}}}}}}}}}}}}}}}}}}}}}}}}}}}}}}}}}}}}}}}}}}}}}}}}}}}}}}}}}}}}}}}}}}}}}}}}}}}}}}}}}}}}}}}}}}}}}}}}}}}}}}}}}}}}}}}}}}}}}}}}}}}}}}}}}}}}}}}}}}}}}}}}}}}}}}}}}}}}}}}}}}}}}}}}}}}}}}}}}}}}}}}}}}}}}}}}}}}}}}}}}}}}}}}}}}}}}}}}}}}}}}}}}}}}}}}}}}}}}}}}}}}}}}}}}}}}}}}}}}}}}}}}}}}}}}}}}}}}}}}}}}}}}}}}}}}}}}}}}}}}}}}}}}}}}}}}}}}}}}}}}}}}}}}}}}}}}}}}}}}}}}}}}}}}}}}}}}}}}}}}}}}}}}}}}}}}}}}}}}}}}}}}}}}}}}}}}}}}}}}}}}}}}}}}}}}}}}}}}}}}}}}}}}}}}}}}}}}}}}}}}}}}}}}}}}}}}}}}}}}}}}}}}}}}}}}}}}}}}}}}}}}}}}}}}}}}}}}}}}}}}}}}}}}}}}}}}}}}}}}}}}}}}}}}}}}}}}}}}}}}}}}}}}}}}}}}}}}}}}}}}}}}}}}}}}}}}}}}}}}}}}}}}}}}}}}}}}}}}}}}}}}}}}}}}}}}}}}}}}}}}}}}}}}}}}}}}}}}}}}}}}}}}}}}}}}}}}}}}}}}}}}}}}}}}}}}}}}}}}}}}}}}}}}}}}}}}}}}}}}}}}}}}}}}}}}}}}}}}}}}}}}}}}}}}}}}}}}}}}}}}}}}}}}}}}}}}}}}}}}}}}}}}}}}}}}}}}}}}}}}}}}}}}}}}}}}}}}}}}}}}}}}}}}}}}}}}}}}}}}}}}}}}}}}}}}}}}}}}}}}}}}}}}}}}}}}}}}}}}}}}}}}}}}}}}}}}}}}}}}}}}}}}}}}}}}}}}}}}}}}}}}}}}}}}}}}}}}}}}}}}}}}}}}}}}}}}}}}}}}}}}}}}}}}}}}}}}}}}}}}}}}}}}}}}}}}}}}}}}}}}}}}}}}}}}}}}}}}}}}}}}}}}}}}}}}}}}}}}}}}}}}}}}}}}}}}}}}}}}}}}}}}}}}}}}}}}}}}}}}}}}}}}}}}}}}}}}}}}}}}}}}}}}}}}}}}}}}}}}}}}}}}}}}}}}}}}}}}}}}}}}}}}}}}}}}}}}}}}}}}}}}}}}}}}}}}}}}}}}}}}}}}}}}}}}}}}}}}}}}}}}}}}}}}}}}}}}}}}}}}}}}}}}}}}}}}}}}}}}}}}}}}}}}}}}}}}}}}}}}}}}}}}}}}}}}}}}}}}}}}}}}}}}}}}}}}}}}}}}}}}}}}}}}}}}}}}}}}}}}}}}}}}}}}}}}}}}}}}}}}}}}}}}}}}}}}}}}}}}}}}}}}}}}}}}}}}}}}}}}}}}}}}}}}}}}}}}}}}}}}}}}}}}}}}}}}}}}}}}}}}}}}}}}}}}}}}}}}}}}}}}}}}}}}}}}}}}}}}}}}}}}}}}}}}}}}}}}}}}}}}}}}}}}}}}}}}}}}}}}}}}}}}}}}}}}}}}}}}}}}}}}}}}}}}}}}}}}}}}}}}}}}}}}}}}}}}}}}}}}}}}}}}}}}}}}}}}}}}}}}}}}}}}}}}}}}}}}}}}}}}}}}}}}}}}}}}}}}}}}}}}}}}}}}}}}}}}}}}}}}}}}}}}}}}}}}}}}}}}}}}}}}}}}}}}}}}}}}}}}}}}}}}}}}}}}}}}}}}}}}}}}}}}}}}}}}}}}}}}}}}}}}}}}}}}}}}}}}}}}}}}}}}}}}}}}}}}}}}}}}}}}}}}}}}}}}}}}}}
