﻿[
  {
    "room": "100",
    "patientname": "Ethel Price",
    "dob": "12-06-1985",
    "diagnosis": "Ad",
    "codestatus": "DNR",
    "loc": "GIP ",
    "days": 1,
    "admitdate": "03-05-1999",
    "recertdue": "09-11-2012",
    "physician": "Cantu",
    "name": "Ethel Price",
    "gender": "female",
    "company": "My company name is very long and funny because funny is fun",
    "age": 22,
    "nurse": "Altzzman",
    "aide": "Antzzhony",
    "pid": 12,
    "mrnnumber": "BAK00002345678",
    "daysinunit": 10,
    "race": "Unknown",
    "levelofcare": "ROUTINE",
    "allergies": "PENICILLIN STRAWBERRIES",
    "advanceddirectives": "LIVING WILL COMFORT MEASURES ONLY",
    "benefitperiod": 5,
    "emergencycontactinformation": "Black Doe 123 Main St. Elizabeth, NJ 07."
      },
  {
    "room": "102",
    "patientname": "Claudine Neal",
    "dob": "06-13-1974",
    "diagnosis": "Ad",
    "days": 2,
    "codestatus": "DNR",
    "loc": "GIP  ",
    "admitdate": "01-09-2000",
    "recertdue": "09-08-1941",
    "physician": "Cruz",
    "name": "Claudine Neal",
    "gender": "female",
    "company": "Hardy",
    "age": 55,
    "nurse": "Arnzzold",
    "aide": "Arrzziola",
    "pid": 13,
    "mrnnumber": "BAK00002345678",
    "daysinunit": 10,
    "race": "Unknown",
    "levelofcare": "ROUTINE",
    "allergies": "PENICILLIN STRAWBERRIES",
    "advanceddirectives": "LIVING WILL COMFORT MEASURES ONLY",
    "benefitperiod": 5,
    "emergencycontactinformation": "Black Doe 123 Main St. Elizabeth, NJ 07."
  },
  {
    "room": "103",
    "patientname": "Ethel Jones",
    "dob": "10-06-1970",
    "diagnosis": "Do",
    "codestatus": "DNR",
    "days": 3,
    "loc": "GIP  ",
    "admitdate": "04-07-1981",
    "recertdue": "02-05-1955",
    "physician": "Dalton",
    "name": "Ethel Jones",
    "gender": "female",
    "company": "Velity",
    "age": 67,
    "nurse": "Bazztes",
    "aide": "Begzley",
    "pid": 14,
    "mrnnumber": "BAK00002345678",
    "daysinunit": 10,
    "race": "Unknown",
    "levelofcare": "ROUTINE",
    "allergies": "PENICILLIN STRAWBERRIES",
    "advanceddirectives": "LIVING WILL COMFORT MEASURES ONLY",
    "benefitperiod": 5,
    "emergencycontactinformation": "Black Doe 123 Main St. Elizabeth, NJ 07."
  },
  {
    "room": "104",
    "patientname": "Wilder Gonzales",
    "dob": "09-06-1975",
    "diagnosis": "Qui",
    "codestatus": "DNR",
    "days": 2,
    "loc": "GIP  ",
    "admitdate": "01-01-1961",
    "recertdue": "06-01-2006",
    "physician": "Gurrea",
    "name": "Wilder Gonzales",
    "gender": "male",
    "company": "Geekko",
    "nurse": "Bizdy",
    "aide": "Brzyan",
    "pid": 15,
    "mrnnumber": "BAK00002345678",
    "daysinunit": 10,
    "race": "Unknown",
    "levelofcare": "ROUTINE",
    "allergies": "PENICILLIN STRAWBERRIES",
    "advanceddirectives": "LIVING WILL COMFORT MEASURES ONLY",
    "benefitperiod": 5,
    "emergencycontactinformation": "Black Doe 123 Main St. Elizabeth, NJ 07."
  },
  {
    "room": "105",
    "patientname": "Georgina Schultz",
    "dob": "07-06-1970",
    "diagnosis": "Sit",
    "codestatus": "DNR",
    "days": 1,
    "loc": "GIP ",
    "admitdate": "02-09-1962",
    "recertdue": "10-02-1969",
    "physician": "Tran",
    "name": "Georgina Schultz",
    "gender": "female",
    "company": "Suretech",
    "nurse": "Burnzte",
    "aide": "Buzrt",
    "pid": 16,
    "mrnnumber": "BAK00002345678",
    "daysinunit": 10,
    "race": "Unknown",
    "levelofcare": "ROUTINE",
    "allergies": "PENICILLIN STRAWBERRIES",
    "advanceddirectives": "LIVING WILL COMFORT MEASURES ONLY",
    "benefitperiod": 5,
    "emergencycontactinformation": "Black Doe 123 Main St. Elizabeth, NJ 07."
  },
  {
    "room": "106",
    "patientname": "Carroll Buchanan",
    "dob": "03-08-1980",
    "days": 4,
    "diagnosis": "Exe",
    "codestatus": "DNR",
    "loc": "GIP  ",
    "admitdate": "02-09-1996",
    "recertdue": "03-01-1956",
    "physician": "Stuart",
    "name": "Carroll Buchanan",
    "gender": "male",
    "company": "Ecosys",
    "nurse": "Carzasco",
    "aide": "Bartzlet",
    "pid": 17,
    "mrnnumber": "BAK00002345678",
    "daysinunit": 10,
    "race": "Unknown",
    "levelofcare": "ROUTINE",
    "allergies": "PENICILLIN STRAWBERRIES",
    "advanceddirectives": "LIVING WILL COMFORT MEASURES ONLY",
    "benefitperiod": 5,
    "emergencycontactinformation": "Black Doe 123 Main St. Elizabeth, NJ 07."
  },
  {
    "room": "107",
    "patientname": "Valarie Atkinson",
    "dob": "12-03-1988",
    "diagnosis": "Prodient",
    "codestatus": "DNR",
    "days": 6,
    "loc": "GIP  ",
    "admitdate": "08-09-1946",
    "recertdue": "06-08-2009",
    "physician": "Hardy",
    "name": "Valarie Atkinson",
    "gender": "female",
    "company": "Hopeli",
    "nurse": "Carolina",
    "aide": "Alexander",
    "pid": 18,
    "mrnnumber": "BAK00002345678",
    "daysinunit": 10,
    "race": "Unknown",
    "levelofcare": "ROUTINE",
    "allergies": "PENICILLIN STRAWBERRIES",
    "advanceddirectives": "LIVING WILL COMFORT MEASURES ONLY",
    "benefitperiod": 5,
    "emergencycontactinformation": "Black Doe 123 Main St. Elizabeth, NJ 07."
  },
  {
    "room": "108",
    "patientname": "Schroeder Mathews",
    "dob": "04-02-1991",
    "diagnosis": "Prodient",
    "codestatus": "Dnr",
    "days": 5,
    "loc": "GIP  ",
    "admitdate": "08-09-1999",
    "recertdue": "02-02-2005",
    "physician": "Neal",
    "name": "Schroeder Mathews",
    "gender": "male",
    "company": "Polarium",
    "nurse": "Donna",
    "aide": "Campbell",
    "pid": 19,
    "mrnnumber": "BAK00002345678",
    "daysinunit": 10,
    "race": "Unknown",
    "levelofcare": "ROUTINE",
    "allergies": "PENICILLIN STRAWBERRIES",
    "advanceddirectives": "LIVING WILL COMFORT MEASURES ONLY",
    "benefitperiod": 5,
    "emergencycontactinformation": "Black Doe 123 Main St. Elizabeth, NJ 07."
  }



    ]
