{
  "autoIndex": [ "autoIndex", "autoindex" ],
  "showDir": [ "showDir", "showdir" ],
  "showDotfiles": ["showDotfiles", "showdotfiles"],
  "humanReadable": [ "humanReadable", "humanreadable", "human-readable" ],
  "si": [ "si", "index" ],
  "handleError": [ "handleError", "handleerror" ],
  "cors": [ "cors", "CORS" ],
  "headers": [ "H", "header", "headers" ],
  "serverHeader": [ "serverHeader", "serverheader", "server-header" ],
  "contentType": [ "contentType", "contenttype", "content-type" ],
  "mimeType": [
    "mimetype",
    "mimetypes",
    "mimeType",
    "mimeTypes",
    "mime-type",
    "mime-types",
    "mime-Type",
    "mime-Types"
  ],
  "weakEtags": [ "weakEtags", "weaketags", "weak-etags" ],
  "weakCompare": [
    "weakcompare",
    "weakCompare",
    "weak-compare",
    "weak-Compare"
  ],
  "handleOptionsMethod": [
    "handleOptionsMethod",
    "handleoptionsmethod",
    "handle-options-method"
  ]
}
