{"__symbolic":"module","version":3,"metadata":{"AnimationEvent":{"__symbolic":"interface"},"AUTO_STYLE":"*","AnimationAnimateMetadata":{"__symbolic":"interface"},"AnimationGroupMetadata":{"__symbolic":"interface"},"AnimationKeyframesSequenceMetadata":{"__symbolic":"interface"},"AnimationMetadata":{"__symbolic":"interface"},"AnimationMetadataType":{"State":0,"Transition":1,"Sequence":2,"Group":3,"Animate":4,"KeyframeSequence":5,"Style":6},"AnimationSequenceMetadata":{"__symbolic":"interface"},"AnimationStateMetadata":{"__symbolic":"interface"},"AnimationStyleMetadata":{"__symbolic":"interface"},"AnimationTransitionMetadata":{"__symbolic":"interface"},"AnimationTriggerMetadata":{"__symbolic":"interface"},"animate":{"__symbolic":"function","parameters":["timings","styles"],"defaults":[null,null],"value":{"type":{"__symbolic":"select","expression":{"__symbolic":"reference","name":"AnimationMetadataType"},"member":"Animate"},"styles":{"__symbolic":"reference","name":"styles"},"timings":{"__symbolic":"reference","name":"timings"}}},"group":{"__symbolic":"function","parameters":["steps"],"value":{"type":{"__symbolic":"select","expression":{"__symbolic":"reference","name":"AnimationMetadataType"},"member":"Group"},"steps":{"__symbolic":"reference","name":"steps"}}},"keyframes":{"__symbolic":"function","parameters":["steps"],"value":{"type":{"__symbolic":"select","expression":{"__symbolic":"reference","name":"AnimationMetadataType"},"member":"KeyframeSequence"},"steps":{"__symbolic":"reference","name":"steps"}}},"sequence":{"__symbolic":"function","parameters":["steps"],"value":{"type":{"__symbolic":"select","expression":{"__symbolic":"reference","name":"AnimationMetadataType"},"member":"Sequence"},"steps":{"__symbolic":"reference","name":"steps"}}},"state":{"__symbolic":"function","parameters":["name","styles"],"value":{"type":{"__symbolic":"select","expression":{"__symbolic":"reference","name":"AnimationMetadataType"},"member":"State"},"name":{"__symbolic":"reference","name":"name"},"styles":{"__symbolic":"reference","name":"styles"}}},"style":{"__symbolic":"function","parameters":["tokens"],"value":{"type":{"__symbolic":"select","expression":{"__symbolic":"reference","name":"AnimationMetadataType"},"member":"Style"},"styles":{"__symbolic":"reference","name":"tokens"}}},"transition":{"__symbolic":"function","parameters":["stateChangeExpr","steps"],"value":{"type":{"__symbolic":"select","expression":{"__symbolic":"reference","name":"AnimationMetadataType"},"member":"Transition"},"expr":{"__symbolic":"reference","name":"stateChangeExpr"},"animation":{"__symbolic":"reference","name":"steps"}}},"trigger":{"__symbolic":"function","parameters":["name","definitions"],"value":{"name":{"__symbolic":"reference","name":"name"},"definitions":{"__symbolic":"reference","name":"definitions"}}},"ɵStyleData":{"__symbolic":"interface"},"AnimationPlayer":{"__symbolic":"class","members":{"onDone":[{"__symbolic":"method"}],"onStart":[{"__symbolic":"method"}],"onDestroy":[{"__symbolic":"method"}],"init":[{"__symbolic":"method"}],"hasStarted":[{"__symbolic":"method"}],"play":[{"__symbolic":"method"}],"pause":[{"__symbolic":"method"}],"restart":[{"__symbolic":"method"}],"finish":[{"__symbolic":"method"}],"destroy":[{"__symbolic":"method"}],"reset":[{"__symbolic":"method"}],"setPosition":[{"__symbolic":"method"}],"getPosition":[{"__symbolic":"method"}]}},"NoopAnimationPlayer":{"__symbolic":"class","members":{"__ctor__":[{"__symbolic":"constructor"}],"_onFinish":[{"__symbolic":"method"}],"onStart":[{"__symbolic":"method"}],"onDone":[{"__symbolic":"method"}],"onDestroy":[{"__symbolic":"method"}],"hasStarted":[{"__symbolic":"method"}],"init":[{"__symbolic":"method"}],"play":[{"__symbolic":"method"}],"_onStart":[{"__symbolic":"method"}],"pause":[{"__symbolic":"method"}],"restart":[{"__symbolic":"method"}],"finish":[{"__symbolic":"method"}],"destroy":[{"__symbolic":"method"}],"reset":[{"__symbolic":"method"}],"setPosition":[{"__symbolic":"method"}],"getPosition":[{"__symbolic":"method"}]}},"ɵAnimationGroupPlayer":{"__symbolic":"class","members":{"__ctor__":[{"__symbolic":"constructor","parameters":[{"__symbolic":"reference","name":"Array","arguments":[{"__symbolic":"reference","name":"AnimationPlayer"}]}]}],"_onFinish":[{"__symbolic":"method"}],"init":[{"__symbolic":"method"}],"onStart":[{"__symbolic":"method"}],"onDone":[{"__symbolic":"method"}],"onDestroy":[{"__symbolic":"method"}],"hasStarted":[{"__symbolic":"method"}],"play":[{"__symbolic":"method"}],"pause":[{"__symbolic":"method"}],"restart":[{"__symbolic":"method"}],"finish":[{"__symbolic":"method"}],"destroy":[{"__symbolic":"method"}],"reset":[{"__symbolic":"method"}],"setPosition":[{"__symbolic":"method"}],"getPosition":[{"__symbolic":"method"}]}}},"origins":{"AnimationEvent":"./src/animation_event","AUTO_STYLE":"./src/animation_metadata","AnimateTimings":"./src/animation_metadata","AnimationAnimateMetadata":"./src/animation_metadata","AnimationGroupMetadata":"./src/animation_metadata","AnimationKeyframesSequenceMetadata":"./src/animation_metadata","AnimationMetadata":"./src/animation_metadata","AnimationMetadataType":"./src/animation_metadata","AnimationSequenceMetadata":"./src/animation_metadata","AnimationStateMetadata":"./src/animation_metadata","AnimationStyleMetadata":"./src/animation_metadata","AnimationTransitionMetadata":"./src/animation_metadata","AnimationTriggerMetadata":"./src/animation_metadata","animate":"./src/animation_metadata","group":"./src/animation_metadata","keyframes":"./src/animation_metadata","sequence":"./src/animation_metadata","state":"./src/animation_metadata","style":"./src/animation_metadata","transition":"./src/animation_metadata","trigger":"./src/animation_metadata","ɵStyleData":"./src/animation_metadata","AnimationPlayer":"./src/players/animation_player","NoopAnimationPlayer":"./src/players/animation_player","ɵAnimationGroupPlayer":"./src/players/animation_group_player"},"importAs":"@angular/animations"}