{"summaries":[{"symbol":{"__symbol":0,"members":[]},"metadata":{"__symbol":1,"members":[]}},{"symbol":{"__symbol":2,"members":[]},"metadata":{"__symbol":3,"members":[]}},{"symbol":{"__symbol":4,"members":[]},"metadata":{"__symbol":5,"members":[]}},{"symbol":{"__symbol":6,"members":[]},"metadata":{"__symbol":7,"members":[]}},{"symbol":{"__symbol":8,"members":[]},"metadata":{"__symbol":9,"members":[]}},{"symbol":{"__symbol":10,"members":[]},"metadata":{"__symbol":11,"members":[]}},{"symbol":{"__symbol":12,"members":[]},"metadata":{"__symbol":13,"members":[]}},{"symbol":{"__symbol":14,"members":[]},"metadata":{"__symbol":15,"members":[]}},{"symbol":{"__symbol":16,"members":[]},"metadata":{"__symbol":17,"members":[]}},{"symbol":{"__symbol":18,"members":[]},"metadata":{"__symbol":19,"members":[]}},{"symbol":{"__symbol":20,"members":[]},"metadata":{"__symbol":21,"members":[]}},{"symbol":{"__symbol":22,"members":[]},"metadata":{"__symbol":23,"members":[]}},{"symbol":{"__symbol":24,"members":[]},"metadata":{"__symbol":25,"members":[]}},{"symbol":{"__symbol":26,"members":[]},"metadata":{"__symbol":27,"members":[]}},{"symbol":{"__symbol":28,"members":[]},"metadata":{"__symbol":29,"members":[]}},{"symbol":{"__symbol":30,"members":[]},"metadata":{"__symbol":31,"members":[]}},{"symbol":{"__symbol":32,"members":[]},"metadata":{"__symbol":33,"members":[]}},{"symbol":{"__symbol":34,"members":[]},"metadata":{"__symbol":35,"members":[]}}],"symbols":[{"__symbol":0,"name":"AgFrameworkComponent","filePath":"/Users/alberto/volatile/releases/12.0.0/ag-grid-angular/main.d.ts"},{"__symbol":1,"name":"AgFrameworkComponent","filePath":"/Users/alberto/volatile/releases/12.0.0/ag-grid-angular/dist/interfaces.d.ts"},{"__symbol":2,"name":"IHeaderGroupAngularComp","filePath":"/Users/alberto/volatile/releases/12.0.0/ag-grid-angular/main.d.ts"},{"__symbol":3,"name":"IHeaderGroupAngularComp","filePath":"/Users/alberto/volatile/releases/12.0.0/ag-grid-angular/dist/interfaces.d.ts"},{"__symbol":4,"name":"IHeaderAngularComp","filePath":"/Users/alberto/volatile/releases/12.0.0/ag-grid-angular/main.d.ts"},{"__symbol":5,"name":"IHeaderAngularComp","filePath":"/Users/alberto/volatile/releases/12.0.0/ag-grid-angular/dist/interfaces.d.ts"},{"__symbol":6,"name":"IFloatingFilterComp","filePath":"/Users/alberto/volatile/releases/12.0.0/ag-grid-angular/main.d.ts"},{"__symbol":7,"name":"IFloatingFilterComp","filePath":"/Users/alberto/volatile/releases/12.0.0/ag-grid-angular/dist/interfaces.d.ts"},{"__symbol":8,"name":"IDateAngularComp","filePath":"/Users/alberto/volatile/releases/12.0.0/ag-grid-angular/main.d.ts"},{"__symbol":9,"name":"IDateAngularComp","filePath":"/Users/alberto/volatile/releases/12.0.0/ag-grid-angular/dist/interfaces.d.ts"},{"__symbol":10,"name":"IFilterAngularComp","filePath":"/Users/alberto/volatile/releases/12.0.0/ag-grid-angular/main.d.ts"},{"__symbol":11,"name":"IFilterAngularComp","filePath":"/Users/alberto/volatile/releases/12.0.0/ag-grid-angular/dist/interfaces.d.ts"},{"__symbol":12,"name":"ICellRendererAngularComp","filePath":"/Users/alberto/volatile/releases/12.0.0/ag-grid-angular/main.d.ts"},{"__symbol":13,"name":"ICellRendererAngularComp","filePath":"/Users/alberto/volatile/releases/12.0.0/ag-grid-angular/dist/interfaces.d.ts"},{"__symbol":14,"name":"ICellEditorAngularComp","filePath":"/Users/alberto/volatile/releases/12.0.0/ag-grid-angular/main.d.ts"},{"__symbol":15,"name":"ICellEditorAngularComp","filePath":"/Users/alberto/volatile/releases/12.0.0/ag-grid-angular/dist/interfaces.d.ts"},{"__symbol":16,"name":"AgRendererComponent","filePath":"/Users/alberto/volatile/releases/12.0.0/ag-grid-angular/main.d.ts"},{"__symbol":17,"name":"AgRendererComponent","filePath":"/Users/alberto/volatile/releases/12.0.0/ag-grid-angular/dist/interfaces.d.ts"},{"__symbol":18,"name":"AgEditorComponent","filePath":"/Users/alberto/volatile/releases/12.0.0/ag-grid-angular/main.d.ts"},{"__symbol":19,"name":"AgEditorComponent","filePath":"/Users/alberto/volatile/releases/12.0.0/ag-grid-angular/dist/interfaces.d.ts"},{"__symbol":20,"name":"AgFilterComponent","filePath":"/Users/alberto/volatile/releases/12.0.0/ag-grid-angular/main.d.ts"},{"__symbol":21,"name":"AgFilterComponent","filePath":"/Users/alberto/volatile/releases/12.0.0/ag-grid-angular/dist/interfaces.d.ts"},{"__symbol":22,"name":"AgGridModule","filePath":"/Users/alberto/volatile/releases/12.0.0/ag-grid-angular/main.d.ts"},{"__symbol":23,"name":"AgGridModule","filePath":"/Users/alberto/volatile/releases/12.0.0/ag-grid-angular/dist/aggrid.module.d.ts"},{"__symbol":24,"name":"AgGridColumn","filePath":"/Users/alberto/volatile/releases/12.0.0/ag-grid-angular/main.d.ts"},{"__symbol":25,"name":"AgGridColumn","filePath":"/Users/alberto/volatile/releases/12.0.0/ag-grid-angular/dist/agGridColumn.d.ts"},{"__symbol":26,"name":"AgGridNg2","filePath":"/Users/alberto/volatile/releases/12.0.0/ag-grid-angular/main.d.ts"},{"__symbol":27,"name":"AgGridNg2","filePath":"/Users/alberto/volatile/releases/12.0.0/ag-grid-angular/dist/agGridNg2.d.ts"},{"__symbol":28,"name":"BaseComponentFactory","filePath":"/Users/alberto/volatile/releases/12.0.0/ag-grid-angular/main.d.ts"},{"__symbol":29,"name":"BaseComponentFactory","filePath":"/Users/alberto/volatile/releases/12.0.0/ag-grid-angular/dist/baseComponentFactory.d.ts"},{"__symbol":30,"name":"Ng2ComponentFactory","filePath":"/Users/alberto/volatile/releases/12.0.0/ag-grid-angular/main.d.ts"},{"__symbol":31,"name":"Ng2ComponentFactory","filePath":"/Users/alberto/volatile/releases/12.0.0/ag-grid-angular/dist/ng2ComponentFactory.d.ts"},{"__symbol":32,"name":"Ng2FrameworkFactory","filePath":"/Users/alberto/volatile/releases/12.0.0/ag-grid-angular/main.d.ts"},{"__symbol":33,"name":"Ng2FrameworkFactory","filePath":"/Users/alberto/volatile/releases/12.0.0/ag-grid-angular/dist/ng2FrameworkFactory.d.ts"},{"__symbol":34,"name":"Ng2FrameworkComponentWrapper","filePath":"/Users/alberto/volatile/releases/12.0.0/ag-grid-angular/main.d.ts"},{"__symbol":35,"name":"Ng2FrameworkComponentWrapper","filePath":"/Users/alberto/volatile/releases/12.0.0/ag-grid-angular/dist/ng2FrameworkComponentWrapper.d.ts"}]}