[

    {
        "medication": "NOSTRUD TEMPOR",
        "classification": "CEPRENE",
        "orderdate": "01-01-2017",
        "dose": "39 MG",
        "amount": "2 Tablet",
        "setup": 1
    },
    {
        "medication": "SIT IN",
        "classification": "VICON",
        "orderdate": "03-04-2017",
        "dose": "26 MG",
        "amount": "2 Tablet",
        "setup": 1
    },
    {
        "medication": "PARIATUR REPREHENDERIT",
        "classification": "COSMOSIS",
        "orderdate": "03-13-2017",
        "dose": "30 MG",
        "amount": "1 Tablet",
        "setup": 1
    },
    {
        "medication": "AD ADIPISICING",
        "classification": "MEDCOM",
        "orderdate": "03-01-2017",
        "dose": "39 MG",
        "amount": "1 Tablet",
        "setup": 0
    },
    {
        "medication": "CILLUM LABORE",
        "classification": "MACRONAUT",
        "orderdate": "03-15-2017",
        "dose": "31 MG",
        "amount": "3 Tablet",
        "setup": 0
    },
    {
        "medication": "CUPIDATET EX",
        "classification": "TALAE",
        "orderdate": "01-10-2017",
        "dose": "31 MG",
        "amount": "2 Tablet",
        "setup": 0
    },
    {
        "medication": "ALIQUA OCCAECAT",
        "classification": "METROZ",
        "orderdate": "02-08-2017",
        "dose": "21 MG",
        "amount": "2 Tablet",
        "setup": 1
    },
    {
        "medication": "PARIATUR VOLUPTATE",
        "classification": "PORTICO",
        "orderdate": "03-15-2017",
        "dose": "24 MG",
        "amount": "3 Tablet",
        "setup": 1
    },
    {
        "medication": "VENIAM DOLOR",
        "classification": "COREPAN",
        "orderdate": "02-06-2017",
        "dose": "33 MG",
        "amount": "2 Tablet",
        "setup": 1
    },
    {
        "medication": "INCIDIDUNT CONSECTETUR",
        "classification": "BARKARAMA",
        "orderdate": "01-14-2017",
        "dose": "32 MG",
        "amount": "1 Tablet",
        "setup": 0
    }
]
[
  {
    "medication": "NOSTRUD TEMPOR",
    "classification": "CEPRENE",
    "orderdate": "01-01-2017",
    "dose": "39 MG",
    "amount": "2 Tablet",
    "setup": 1
  },
  {
    "medication": "SIT IN",
    "classification": "VICON",
    "orderdate": "03-04-2017",
    "dose": "26 MG",
    "amount": "2 Tablet",
    "setup": 1
  },{
    "medication": "PARIATUR REPREHENDERIT",
    "classification": "COSMOSIS",
    "orderdate": "03-13-2017",
    "dose": "30 MG",
    "amount": "1 Tablet",
    "setup": 1
  },{
    "medication": "AD ADIPISICING",
    "classification": "MEDCOM",
    "orderdate": "03-01-2017",
    "dose": "39 MG",
    "amount": "1 Tablet",
    "setup": 0
  },{
    "medication": "CILLUM LABORE",
    "classification": "MACRONAUT",
    "orderdate": "03-15-2017",
    "dose": "31 MG",
    "amount": "3 Tablet",
    "setup": 0
  },{
    "medication": "CUPIDATET EX",
    "classification": "TALAE",
    "orderdate": "01-10-2017",
    "dose": "31 MG",
    "amount": "2 Tablet",
    "setup": 0
  },{
    "medication": "ALIQUA OCCAECAT",
    "classification": "METROZ",
    "orderdate": "02-08-2017",
    "dose": "21 MG",
    "amount": "2 Tablet",
    "setup": 1
  },{
    "medication": "PARIATUR VOLUPTATE",
    "classification": "PORTICO",
    "orderdate": "03-15-2017",
    "dose": "24 MG",
    "amount": "3 Tablet",
    "setup": 1
  },{
    "medication": "VENIAM DOLOR",
    "classification": "COREPAN",
    "orderdate": "02-06-2017",
    "dose": "33 MG",
    "amount": "2 Tablet",
    "setup": 1
  },{
    "medication": "INCIDIDUNT CONSECTETUR",
    "classification": "BARKARAMA",
    "orderdate": "01-14-2017",
    "dose": "32 MG",
    "amount": "1 Tablet",
    "setup": 0
  }
]
