﻿[
  {
    "room": "100",
    "patientname": "Ethel Price",
    "project": "Ethel Price",
    "date": "12-06-1985",
    "progress": 100,
    "diagnosis": "Prodient",
    "time": "10:00",
    "one": "fiber_manual_record",
    "two": "fiber_manual_record",
    "overdue": "fiber_manual_record",
    "pid": 12,
    "dob": "14-24-2015",
    "mrnnumber": "BAK00002345678",
    "daysinunit": 10,
    "race": "Unknown",
    "levelofcare": "ROUTINE",
    "allergies": "PENICILLIN STRAWBERRIES",
    "advanceddirectives": "LIVING WILL COMFORT MEASURES ONLY",
    "benefitperiod": 5,
    "emergencycontactinformation": "Black Doe 123 Main St. Elizabeth, NJ 07.",
    "medication": "NOSTRUD TEMPOR",
    "classification": "CEPRENE",
    "orderdate": "01-01-2017",
    "dose": "39 MG",
    "amount": "2 Tablet",
    "setup": "Add",
    "setupFrequency": "addMonthly"

  },
  {
    "room": "102",
    "patientname": "Claudine Neal",
    "project": "Claudine Neal",
    "date": "06-13-1974",
    "progress": 102,
    "time": "11:00",
    "ss": "fiber_manual_record",
    "three": "fiber_manual_record",
    "pid": 13,
    "dob": "06-13-1974",
    "mrnnumber": "BAK00002345679",
    "daysinunit": 2,
    "race": "Unknown",
    "levelofcare": "RESPITE",
    "allergies": "MORPHINE SULPHATE",
    "advanceddirectives": "LIVING WILL COMFORT MEASURES ONLY",
    "benefitperiod": 5,
    "emergencycontactinformation": "Black Doe 123 Main St. Elizabeth, NJ 07.",
    "medication": "SIT IN",
    "classification": "VICON",
    "orderdate": "03-04-2017",
    "dose": "26 MG",
    "amount": "2 Tablet",
    "setup": "Add",
    "setupFrequency": "addWeekly"
  },
  {
    "room": "103",
    "patientname": "Ethel Price",
    "project": "Ethel Jones",
    "date": "10-06-1970",
    "scheduled": true,
    "progress": 103,
    "time": "12:00",
    "two": "fiber_manual_record",
    "three": "fiber_manual_record",
    "five": "fiber_manual_record",
    "overdue": "fiber_manual_record",
    "pid": 14,
    "dob": "10-06-1970",
    "mrnnumber": "BAK00002345680",
    "daysinunit": 4,
    "race": "Unknown",
    "levelofcare": "CONTINUOUS",
    "allergies": "RHINITIS",
    "advanceddirectives": "LIVING WILL COMFORT MEASURES ONLY",
    "benefitperiod": 5,
    "emergencycontactinformation": "Black Doe 123 Main St. Elizabeth, NJ 07.",
    "medication": "PARIATUR REPREHENDERIT",
    "classification": "COSMOSIS",
    "orderdate": "03-13-2017",
    "dose": "30 MG",
    "amount": "1 Tablet",
    "setup": "Add",
    "setupFrequency": "addDaily"
  },
  {
    "room": "104",
    "patientname": "Wilder Gonzales",
    "project": "Wilder Gonzales",
    "date": "09-06-1975",
    "progress": 104,
    "time": "13:00",
    "ss": "fiber_manual_record",
    "four": "fiber_manual_record",
    "pid": 15,
    "dob": "09-06-1975",
    "mrnnumber": "BAK00002345681",
    "daysinunit": 15,
    "race": "Unknown",
    "levelofcare": "INPATIENT HOSPICE",
    "allergies": "PENICILLIN STRAWBERRIES",
    "advanceddirectives": "LIVING WILL COMFORT MEASURES ONLY",
    "benefitperiod": 5,
    "emergencycontactinformation": "Black Doe 123 Main St. Elizabeth, NJ 07.",
    "medication": "CILLUM LABORE",
    "classification": "MACRONAUT",
    "orderdate": "03-15-2017",
    "dose": "31 MG",
    "amount": "3 Tablet",
    "setup": "Add"
  },
  {
    "room": "105",
    "patientname": "Georgina Schultz",
    "project": "Georgina Schultz",
    "date": "07-06-1970",
    "progress": 105,
    "time": "14:00",
    "two": "fiber_manual_record",
    "one": "fiber_manual_record",
    "four": "fiber_manual_record",
    "pid": 16,
    "dob": "07-06-1970",
    "mrnnumber": "BAK00002345682",
    "daysinunit": 22,
    "race": "Unknown",
    "levelofcare": "RESPITE",
    "allergies": "MORPHINE SULPHATE",
    "advanceddirectives": "LIVING WILL",
    "benefitperiod": 5,
    "emergencycontactinformation": "Black Doe 123 Main St. Elizabeth, NJ 07.",
    "medication": "CUPIDATET EX",
    "classification": "TALAE",
    "orderdate": "01-10-2017",
    "dose": "31 MG",
    "amount": "2 Tablet",
    "setup": "Add"
  },
  {
    "room": "106",
    "project": "Carroll Buchanan",
    "dob": "03-08-1980",
    "diagnosis": "Exe",
    "codestatus": "DNR",
    "loc": "GIP @ 2days",
    "admitdate": "02-09-1996",
    "recertdue": "03-01-1956",
    "physician": "Stuart",
    "name": "Carroll Buchanan",
    "progress": 106,
    "gender": "male",
    "company": "Ecosys",
    "nurse": "Carzasco",

    "one": "fiber_manual_record",
    "aide": "Bartzlet",
    "pid": 17,
    "mrnnumber": "BAK00002345678",
    "daysinunit": 10,
    "race": "Unknown",
    "levelofcare": "ROUTINE",
    "allergies": "PENICILLIN STRAWBERRIES",
    "advanceddirectives": "LIVING WILL COMFORT MEASURES ONLY",
    "benefitperiod": 5,
    "emergencycontactinformation": "Black Doe 123 Main St. Elizabeth, NJ 07.",
    "medication": "ALIQUA OCCAECAT",
    "classification": "METROZ",
    "orderdate": "02-08-2017",
    "dose": "21 MG",
    "amount": "2 Tablet",
    "setup": "Add"
  },
  {
    "room": "107",
    "project": "Valarie Atkinson",
    "dob": "12-03-1988",
    "diagnosis": "Prodient",
    "codestatus": "DNR",
    "loc": "GIP @ 1days",
    "admitdate": "08-09-1946",
    "progress": 107,
    "recertdue": "06-08-2009",
    "physician": "Hardy",
    "name": "Valarie Atkinson",
    "gender": "female",
    "company": "Hopeli",
    "nurse": "Carolina",
    "aide": "Alexander",
    "pid": 18,
    "mrnnumber": "BAK00002345678",
    "two": "fiber_manual_record",
    "daysinunit": 10,
    "race": "Unknown",
    "levelofcare": "ROUTINE",
    "allergies": "PENICILLIN STRAWBERRIES",
    "advanceddirectives": "LIVING WILL COMFORT MEASURES ONLY",
    "benefitperiod": 5,
    "emergencycontactinformation": "Black Doe 123 Main St. Elizabeth, NJ 07.",
    "medication": "PARIATUR VOLUPTATE",
    "classification": "PORTICO",
    "orderdate": "03-15-2017",
    "dose": "24 MG",
    "amount": "3 Tablet",
    "setup": "Add"
  },
  {
    "room": "108",
    "project": "Schroeder Mathews",
    "dob": "04-02-1991",
    "diagnosis": "Prodient",
    "codestatus": "Dnr",
    "loc": "GIP @ 2days",
    "admitdate": "08-09-1999",
    "recertdue": "02-02-2005",
    "physician": "Neal",
    "name": "Schroeder Mathews",
    "gender": "male",
    "progress": 108,
    "company": "Polarium",
    "five": "fiber_manual_record",
    "overdue": "fiber_manual_record",
    "nurse": "Donna",
    "aide": "Campbell",
    "pid": 19,
    "mrnnumber": "BAK00002345678",
    "daysinunit": 10,
    "race": "Unknown",
    "levelofcare": "ROUTINE",
    "allergies": "PENICILLIN STRAWBERRIES",
    "advanceddirectives": "LIVING WILL COMFORT MEASURES ONLY",
    "benefitperiod": 5,
    "emergencycontactinformation": "Black Doe 123 Main St. Elizabeth, NJ 07.",
    "medication": "VENIAM DOLOR",
    "classification": "COREPAN",
    "orderdate": "02-06-2017",
    "dose": "33 MG",
    "amount": "2 Tablet",
    "setup": "Edit",
    "setupFrequency": "edit"
  }
]
